timestamp,run_id,provider,model,call_kind,batch,from_cache,input_tokens,cache_creation_input_tokens,cache_read_input_tokens,output_tokens,cost_usd
2026-08-30T16:07:13+00:00,20260830T160713Z,ollama,llama3.2:3b,simulate,0,1,1466,0,0,87,0.000000
2026-08-30T16:07:13+00:00,20260830T160713Z,ollama,llama3.2:3b,simulate,0,1,1439,0,0,83,0.000000
2026-08-30T16:07:13+00:00,20260830T160713Z,ollama,llama3.2:3b,simulate,0,1,1391,0,0,60,0.000000
2026-08-30T16:07:22+00:00,20260830T160722Z,ollama,llama3.2:3b,simulate,0,1,1466,0,0,87,0.000000
2026-08-30T16:07:22+00:00,20260830T160722Z,ollama,llama3.2:3b,simulate,0,1,1439,0,0,83,0.000000
2026-08-30T16:07:22+00:00,20260830T160722Z,ollama,llama3.2:3b,simulate,0,1,1391,0,0,60,0.000000
2026-08-30T16:07:22+00:00,20260830T160722Z,ollama,llama3.2:3b,simulate,0,1,1471,0,0,69,0.000000
2026-08-30T16:07:22+00:00,20260830T160722Z,ollama,llama3.2:3b,simulate,0,1,1441,0,0,69,0.000000
2026-08-30T16:07:22+00:00,20260830T160722Z,ollama,llama3.2:3b,simulate,0,1,1425,0,0,60,0.000000
2026-08-30T16:07:22+00:00,20260830T160722Z,ollama,llama3.2:3b,simulate,0,1,1465,0,0,79,0.000000
2026-08-30T16:07:22+00:00,20260830T160722Z,ollama,llama3.2:3b,simulate,0,1,1450,0,0,91,0.000000
2026-08-30T16:07:22+00:00,20260830T160722Z,ollama,llama3.2:3b,simulate,0,1,1430,0,0,62,0.000000
2026-08-30T16:07:22+00:00,20260830T160722Z,ollama,llama3.2:3b,simulate,0,1,1416,0,0,68,0.000000
2026-08-30T16:07:22+00:00,20260830T160722Z,ollama,llama3.2:3b,simulate,0,1,1484,0,0,92,0.000000
2026-08-30T16:07:22+00:00,20260830T160722Z,ollama,llama3.2:3b,simulate,0,1,1430,0,0,71,0.000000
2026-08-30T16:07:22+00:00,20260830T160722Z,ollama,llama3.2:3b,simulate,0,1,1431,0,0,101,0.000000
2026-08-30T16:07:22+00:00,20260830T160722Z,ollama,llama3.2:3b,simulate,0,1,1504,0,0,76,0.000000
2026-08-30T16:07:22+00:00,20260830T160722Z,ollama,llama3.2:3b,simulate,0,1,1421,0,0,64,0.000000
2026-08-30T16:07:22+00:00,20260830T160722Z,ollama,llama3.2:3b,simulate,0,1,1421,0,0,64,0.000000
2026-08-30T16:07:22+00:00,20260830T160722Z,ollama,llama3.2:3b,simulate,0,1,1518,0,0,94,0.000000
2026-08-30T16:07:22+00:00,20260830T160722Z,ollama,llama3.2:3b,simulate,0,1,1518,0,0,94,0.000000
2026-08-30T16:07:22+00:00,20260830T160722Z,ollama,llama3.2:3b,simulate,0,1,1431,0,0,59,0.000000
2026-08-30T16:07:22+00:00,20260830T160722Z,ollama,llama3.2:3b,simulate,0,1,1431,0,0,59,0.000000
2026-08-30T16:07:22+00:00,20260830T160722Z,ollama,llama3.2:3b,simulate,0,1,1431,0,0,59,0.000000
2026-08-30T16:07:22+00:00,20260830T160722Z,ollama,llama3.2:3b,simulate,0,1,1944,0,0,108,0.000000
2026-08-30T16:07:22+00:00,20260830T160722Z,ollama,llama3.2:3b,simulate,0,1,1553,0,0,80,0.000000
2026-08-30T16:07:22+00:00,20260830T160722Z,ollama,llama3.2:3b,simulate,0,1,1390,0,0,92,0.000000
2026-08-30T16:07:22+00:00,20260830T160722Z,ollama,llama3.2:3b,simulate,0,1,1537,0,0,91,0.000000
2026-08-30T16:07:22+00:00,20260830T160722Z,ollama,llama3.2:3b,simulate,0,1,1421,0,0,61,0.000000
2026-08-30T16:07:22+00:00,20260830T160722Z,ollama,llama3.2:3b,simulate,0,1,1457,0,0,83,0.000000
2026-08-30T16:07:22+00:00,20260830T160722Z,ollama,llama3.2:3b,simulate,0,1,1457,0,0,83,0.000000
2026-08-30T16:07:22+00:00,20260830T160722Z,ollama,llama3.2:3b,simulate,0,1,1411,0,0,63,0.000000
2026-08-30T16:07:22+00:00,20260830T160722Z,ollama,llama3.2:3b,simulate,0,1,1499,0,0,105,0.000000
2026-08-30T16:07:22+00:00,20260830T160722Z,ollama,llama3.2:3b,simulate,0,1,1536,0,0,99,0.000000
2026-08-30T16:07:22+00:00,20260830T160722Z,ollama,llama3.2:3b,simulate,0,1,1535,0,0,100,0.000000
2026-08-30T16:07:22+00:00,20260830T160722Z,ollama,llama3.2:3b,simulate,0,1,1552,0,0,147,0.000000
2026-08-30T16:07:22+00:00,20260830T160722Z,ollama,llama3.2:3b,simulate,0,1,1412,0,0,111,0.000000
2026-08-30T16:07:22+00:00,20260830T160722Z,ollama,llama3.2:3b,simulate,0,1,1531,0,0,92,0.000000
2026-08-30T16:07:22+00:00,20260830T160722Z,ollama,llama3.2:3b,simulate,0,1,1412,0,0,111,0.000000
2026-08-30T16:07:22+00:00,20260830T160722Z,ollama,llama3.2:3b,simulate,0,1,1845,0,0,100,0.000000
2026-08-30T16:07:22+00:00,20260830T160722Z,ollama,llama3.2:3b,simulate,0,1,1456,0,0,82,0.000000
2026-08-30T16:07:22+00:00,20260830T160722Z,ollama,llama3.2:3b,simulate,0,1,1491,0,0,63,0.000000
2026-08-30T16:07:22+00:00,20260830T160722Z,ollama,llama3.2:3b,simulate,0,1,1446,0,0,63,0.000000
2026-08-30T16:07:22+00:00,20260830T160722Z,ollama,llama3.2:3b,simulate,0,1,1431,0,0,82,0.000000
2026-08-30T16:07:22+00:00,20260830T160722Z,ollama,llama3.2:3b,simulate,0,1,1622,0,0,121,0.000000
2026-08-30T16:07:22+00:00,20260830T160722Z,ollama,llama3.2:3b,simulate,0,1,1454,0,0,109,0.000000
2026-08-30T16:07:22+00:00,20260830T160722Z,ollama,llama3.2:3b,simulate,0,1,1454,0,0,109,0.000000
2026-08-30T16:07:22+00:00,20260830T160722Z,ollama,llama3.2:3b,simulate,0,1,1454,0,0,109,0.000000
2026-08-30T16:07:22+00:00,20260830T160722Z,ollama,llama3.2:3b,simulate,0,1,1471,0,0,74,0.000000
2026-08-30T16:07:22+00:00,20260830T160722Z,ollama,llama3.2:3b,simulate,0,1,1448,0,0,64,0.000000
2026-08-30T16:07:22+00:00,20260830T160722Z,ollama,llama3.2:3b,simulate,0,1,1418,0,0,56,0.000000
2026-08-30T16:07:22+00:00,20260830T160722Z,ollama,llama3.2:3b,simulate,0,1,1408,0,0,63,0.000000
2026-08-30T16:07:22+00:00,20260830T160722Z,ollama,llama3.2:3b,simulate,0,1,1462,0,0,99,0.000000
2026-08-30T16:07:22+00:00,20260830T160722Z,ollama,llama3.2:3b,simulate,0,1,1497,0,0,94,0.000000
2026-08-30T16:07:22+00:00,20260830T160722Z,ollama,llama3.2:3b,simulate,0,1,1419,0,0,79,0.000000
2026-08-30T16:07:22+00:00,20260830T160722Z,ollama,llama3.2:3b,simulate,0,1,1433,0,0,62,0.000000
2026-08-30T16:07:22+00:00,20260830T160722Z,ollama,llama3.2:3b,simulate,0,1,1433,0,0,62,0.000000
2026-08-30T16:07:22+00:00,20260830T160722Z,ollama,llama3.2:3b,simulate,0,1,1439,0,0,78,0.000000
2026-08-30T16:07:22+00:00,20260830T160722Z,ollama,llama3.2:3b,simulate,0,1,1439,0,0,78,0.000000
2026-08-30T16:07:22+00:00,20260830T160722Z,ollama,llama3.2:3b,simulate,0,1,1439,0,0,78,0.000000
2026-08-30T16:07:22+00:00,20260830T160722Z,ollama,llama3.2:3b,simulate,0,1,1439,0,0,78,0.000000
2026-08-30T16:07:22+00:00,20260830T160722Z,ollama,llama3.2:3b,simulate,0,1,1464,0,0,65,0.000000
2026-08-30T16:07:22+00:00,20260830T160722Z,ollama,llama3.2:3b,simulate,0,1,1464,0,0,65,0.000000
2026-08-30T16:07:22+00:00,20260830T160722Z,ollama,llama3.2:3b,simulate,0,1,1464,0,0,65,0.000000
2026-08-30T16:07:22+00:00,20260830T160722Z,ollama,llama3.2:3b,simulate,0,1,1444,0,0,106,0.000000
2026-08-30T16:07:22+00:00,20260830T160722Z,ollama,llama3.2:3b,simulate,0,1,1443,0,0,73,0.000000
2026-08-30T16:07:22+00:00,20260830T160722Z,ollama,llama3.2:3b,simulate,0,1,1440,0,0,78,0.000000
2026-08-30T16:07:22+00:00,20260830T160722Z,ollama,llama3.2:3b,simulate,0,1,1425,0,0,95,0.000000
2026-08-30T16:07:22+00:00,20260830T160722Z,ollama,llama3.2:3b,simulate,0,1,1425,0,0,95,0.000000
2026-08-30T16:07:22+00:00,20260830T160722Z,ollama,llama3.2:3b,simulate,0,1,1467,0,0,72,0.000000
2026-08-30T16:07:22+00:00,20260830T160722Z,ollama,llama3.2:3b,simulate,0,1,1412,0,0,69,0.000000
2026-08-30T16:07:22+00:00,20260830T160722Z,ollama,llama3.2:3b,simulate,0,1,1436,0,0,73,0.000000
2026-08-30T16:07:22+00:00,20260830T160722Z,ollama,llama3.2:3b,simulate,0,1,1564,0,0,122,0.000000
2026-08-30T16:07:22+00:00,20260830T160722Z,ollama,llama3.2:3b,simulate,0,1,1399,0,0,71,0.000000
2026-08-30T16:07:22+00:00,20260830T160722Z,ollama,llama3.2:3b,simulate,0,1,1612,0,0,90,0.000000
2026-08-30T16:07:22+00:00,20260830T160722Z,ollama,llama3.2:3b,simulate,0,1,1426,0,0,71,0.000000
2026-08-30T16:07:22+00:00,20260830T160722Z,ollama,llama3.2:3b,simulate,0,1,1457,0,0,82,0.000000
2026-08-30T16:07:22+00:00,20260830T160722Z,ollama,llama3.2:3b,simulate,0,1,1457,0,0,82,0.000000
2026-08-30T16:07:22+00:00,20260830T160722Z,ollama,llama3.2:3b,simulate,0,1,1442,0,0,77,0.000000
2026-08-30T16:07:22+00:00,20260830T160722Z,ollama,llama3.2:3b,simulate,0,1,1457,0,0,82,0.000000
2026-08-30T16:07:22+00:00,20260830T160722Z,ollama,llama3.2:3b,simulate,0,1,1432,0,0,79,0.000000
2026-08-30T16:07:22+00:00,20260830T160722Z,ollama,llama3.2:3b,simulate,0,1,1388,0,0,69,0.000000
2026-08-30T16:07:22+00:00,20260830T160722Z,ollama,llama3.2:3b,simulate,0,1,1451,0,0,75,0.000000
2026-08-30T16:07:22+00:00,20260830T160722Z,ollama,llama3.2:3b,simulate,0,1,1368,0,0,54,0.000000
2026-08-30T16:07:22+00:00,20260830T160722Z,ollama,llama3.2:3b,simulate,0,1,1368,0,0,54,0.000000
2026-08-30T16:07:22+00:00,20260830T160722Z,ollama,llama3.2:3b,simulate,0,1,1446,0,0,65,0.000000
2026-08-30T16:07:22+00:00,20260830T160722Z,ollama,llama3.2:3b,simulate,0,1,1467,0,0,114,0.000000
2026-08-30T16:07:22+00:00,20260830T160722Z,ollama,llama3.2:3b,simulate,0,1,1425,0,0,90,0.000000
2026-08-30T16:07:22+00:00,20260830T160722Z,ollama,llama3.2:3b,simulate,0,1,2331,0,0,124,0.000000
2026-08-30T16:07:22+00:00,20260830T160722Z,ollama,llama3.2:3b,simulate,0,1,1530,0,0,115,0.000000
2026-08-30T16:07:22+00:00,20260830T160722Z,ollama,llama3.2:3b,simulate,0,1,1575,0,0,85,0.000000
2026-08-30T16:07:22+00:00,20260830T160722Z,ollama,llama3.2:3b,simulate,0,1,1775,0,0,106,0.000000
2026-08-30T16:07:22+00:00,20260830T160722Z,ollama,llama3.2:3b,simulate,0,1,1461,0,0,88,0.000000
2026-08-30T16:07:22+00:00,20260830T160722Z,ollama,llama3.2:3b,simulate,0,1,1508,0,0,90,0.000000
2026-08-30T16:07:22+00:00,20260830T160722Z,ollama,llama3.2:3b,simulate,0,1,1543,0,0,69,0.000000
2026-08-30T16:07:22+00:00,20260830T160722Z,ollama,llama3.2:3b,simulate,0,1,1384,0,0,59,0.000000
2026-08-30T16:07:22+00:00,20260830T160722Z,ollama,llama3.2:3b,simulate,0,1,1511,0,0,109,0.000000
2026-08-30T16:07:22+00:00,20260830T160722Z,ollama,llama3.2:3b,simulate,0,1,1429,0,0,86,0.000000
2026-08-30T16:07:22+00:00,20260830T160722Z,ollama,llama3.2:3b,simulate,0,1,1382,0,0,89,0.000000
2026-08-30T16:07:22+00:00,20260830T160722Z,ollama,llama3.2:3b,simulate,0,1,1475,0,0,71,0.000000
2026-08-30T16:07:22+00:00,20260830T160722Z,ollama,llama3.2:3b,simulate,0,1,1475,0,0,71,0.000000
2026-08-30T16:07:22+00:00,20260830T160722Z,ollama,llama3.2:3b,simulate,0,1,1575,0,0,99,0.000000
2026-08-30T16:07:22+00:00,20260830T160722Z,ollama,llama3.2:3b,simulate,0,1,1510,0,0,119,0.000000
2026-08-30T16:07:22+00:00,20260830T160722Z,ollama,llama3.2:3b,simulate,0,1,1384,0,0,89,0.000000
2026-08-30T16:07:22+00:00,20260830T160722Z,ollama,llama3.2:3b,simulate,0,1,1544,0,0,77,0.000000
2026-08-30T16:07:22+00:00,20260830T160722Z,ollama,llama3.2:3b,simulate,0,1,1588,0,0,61,0.000000
2026-08-30T16:07:22+00:00,20260830T160722Z,ollama,llama3.2:3b,simulate,0,1,1656,0,0,121,0.000000
2026-08-30T16:07:22+00:00,20260830T160722Z,ollama,llama3.2:3b,simulate,0,1,1468,0,0,89,0.000000
2026-08-30T16:07:22+00:00,20260830T160722Z,ollama,llama3.2:3b,simulate,0,1,1434,0,0,68,0.000000
2026-08-30T16:07:22+00:00,20260830T160722Z,ollama,llama3.2:3b,simulate,0,1,1451,0,0,86,0.000000
2026-08-30T16:07:22+00:00,20260830T160722Z,ollama,llama3.2:3b,simulate,0,1,1451,0,0,86,0.000000
2026-08-30T16:07:22+00:00,20260830T160722Z,ollama,llama3.2:3b,simulate,0,1,1454,0,0,63,0.000000
2026-08-30T16:07:22+00:00,20260830T160722Z,ollama,llama3.2:3b,simulate,0,1,1434,0,0,74,0.000000
2026-08-30T16:07:22+00:00,20260830T160722Z,ollama,llama3.2:3b,simulate,0,1,1459,0,0,86,0.000000
2026-08-30T16:07:22+00:00,20260830T160722Z,ollama,llama3.2:3b,simulate,0,1,1518,0,0,87,0.000000
2026-08-30T16:07:22+00:00,20260830T160722Z,ollama,llama3.2:3b,simulate,0,1,1518,0,0,87,0.000000
2026-08-30T16:07:22+00:00,20260830T160722Z,ollama,llama3.2:3b,simulate,0,1,2585,0,0,90,0.000000
2026-08-30T16:07:22+00:00,20260830T160722Z,ollama,llama3.2:3b,simulate,0,1,1439,0,0,67,0.000000
2026-08-30T16:07:22+00:00,20260830T160722Z,ollama,llama3.2:3b,simulate,0,1,1464,0,0,95,0.000000
2026-08-30T16:07:22+00:00,20260830T160722Z,ollama,llama3.2:3b,simulate,0,1,1422,0,0,108,0.000000
2026-08-30T16:07:22+00:00,20260830T160722Z,ollama,llama3.2:3b,simulate,0,1,1443,0,0,66,0.000000
2026-08-30T16:07:22+00:00,20260830T160722Z,ollama,llama3.2:3b,simulate,0,1,1570,0,0,95,0.000000
2026-08-30T16:07:22+00:00,20260830T160722Z,ollama,llama3.2:3b,simulate,0,1,1570,0,0,95,0.000000
2026-08-30T16:07:22+00:00,20260830T160722Z,ollama,llama3.2:3b,simulate,0,1,1734,0,0,106,0.000000
2026-08-30T16:07:22+00:00,20260830T160722Z,ollama,llama3.2:3b,simulate,0,1,1403,0,0,64,0.000000
2026-08-30T16:07:22+00:00,20260830T160722Z,ollama,llama3.2:3b,simulate,0,1,1384,0,0,75,0.000000
2026-08-30T16:07:22+00:00,20260830T160722Z,ollama,llama3.2:3b,simulate,0,1,1504,0,0,90,0.000000
2026-08-30T16:07:23+00:00,20260830T160722Z,ollama,llama3.2:3b,simulate,0,1,2050,0,0,150,0.000000
2026-08-30T16:07:23+00:00,20260830T160722Z,ollama,llama3.2:3b,simulate,0,1,1477,0,0,72,0.000000
2026-08-30T16:07:23+00:00,20260830T160722Z,ollama,llama3.2:3b,simulate,0,1,1507,0,0,72,0.000000
2026-08-30T16:07:23+00:00,20260830T160722Z,ollama,llama3.2:3b,simulate,0,1,1477,0,0,72,0.000000
2026-08-30T16:07:23+00:00,20260830T160722Z,ollama,llama3.2:3b,simulate,0,1,1417,0,0,68,0.000000
2026-08-30T16:07:23+00:00,20260830T160722Z,ollama,llama3.2:3b,simulate,0,1,1438,0,0,66,0.000000
2026-08-30T16:07:23+00:00,20260830T160722Z,ollama,llama3.2:3b,simulate,0,1,1475,0,0,77,0.000000
2026-08-30T16:07:23+00:00,20260830T160722Z,ollama,llama3.2:3b,simulate,0,1,1435,0,0,81,0.000000
2026-08-30T16:07:23+00:00,20260830T160722Z,ollama,llama3.2:3b,simulate,0,1,1397,0,0,89,0.000000
2026-08-30T16:07:23+00:00,20260830T160722Z,ollama,llama3.2:3b,simulate,0,1,1397,0,0,89,0.000000
2026-08-30T16:07:23+00:00,20260830T160722Z,ollama,llama3.2:3b,simulate,0,1,1404,0,0,82,0.000000
2026-08-30T16:07:23+00:00,20260830T160722Z,ollama,llama3.2:3b,simulate,0,1,1464,0,0,93,0.000000
2026-08-30T16:07:23+00:00,20260830T160722Z,ollama,llama3.2:3b,simulate,0,1,1397,0,0,70,0.000000
2026-08-30T16:07:23+00:00,20260830T160722Z,ollama,llama3.2:3b,simulate,0,1,1427,0,0,75,0.000000
2026-08-30T16:07:23+00:00,20260830T160722Z,ollama,llama3.2:3b,simulate,0,1,1470,0,0,88,0.000000
2026-08-30T16:07:23+00:00,20260830T160722Z,ollama,llama3.2:3b,simulate,0,1,1470,0,0,88,0.000000
2026-08-30T16:07:23+00:00,20260830T160722Z,ollama,llama3.2:3b,simulate,0,1,1485,0,0,76,0.000000
2026-08-30T16:07:23+00:00,20260830T160722Z,ollama,llama3.2:3b,simulate,0,1,1431,0,0,58,0.000000
2026-08-30T16:07:23+00:00,20260830T160722Z,ollama,llama3.2:3b,simulate,0,1,1461,0,0,89,0.000000
2026-08-30T16:07:23+00:00,20260830T160722Z,ollama,llama3.2:3b,simulate,0,1,1431,0,0,58,0.000000
2026-08-30T16:07:23+00:00,20260830T160722Z,ollama,llama3.2:3b,simulate,0,1,1431,0,0,58,0.000000
2026-08-30T16:07:23+00:00,20260830T160722Z,ollama,llama3.2:3b,simulate,0,1,1431,0,0,58,0.000000
2026-08-30T16:07:23+00:00,20260830T160722Z,ollama,llama3.2:3b,simulate,0,1,1461,0,0,89,0.000000
2026-08-30T16:07:23+00:00,20260830T160722Z,ollama,llama3.2:3b,simulate,0,1,1461,0,0,89,0.000000
2026-08-30T16:07:23+00:00,20260830T160722Z,ollama,llama3.2:3b,simulate,0,1,1461,0,0,89,0.000000
2026-08-30T16:07:23+00:00,20260830T160722Z,ollama,llama3.2:3b,simulate,0,1,1461,0,0,89,0.000000
2026-08-30T16:07:23+00:00,20260830T160722Z,ollama,llama3.2:3b,simulate,0,1,1461,0,0,89,0.000000
2026-08-30T16:07:23+00:00,20260830T160722Z,ollama,llama3.2:3b,simulate,0,1,1461,0,0,89,0.000000
2026-08-30T16:07:23+00:00,20260830T160722Z,ollama,llama3.2:3b,simulate,0,1,1392,0,0,79,0.000000
2026-08-30T16:07:23+00:00,20260830T160722Z,ollama,llama3.2:3b,simulate,0,1,1473,0,0,101,0.000000
2026-08-30T16:07:23+00:00,20260830T160722Z,ollama,llama3.2:3b,simulate,0,1,1760,0,0,133,0.000000
2026-08-30T16:07:23+00:00,20260830T160722Z,ollama,llama3.2:3b,simulate,0,1,1461,0,0,106,0.000000
2026-08-30T16:07:23+00:00,20260830T160722Z,ollama,llama3.2:3b,simulate,0,1,1513,0,0,92,0.000000
2026-08-30T16:07:23+00:00,20260830T160722Z,ollama,llama3.2:3b,simulate,0,1,1554,0,0,100,0.000000
2026-08-30T16:07:23+00:00,20260830T160722Z,ollama,llama3.2:3b,simulate,0,1,1405,0,0,115,0.000000
2026-08-30T16:07:23+00:00,20260830T160722Z,ollama,llama3.2:3b,simulate,0,1,1405,0,0,115,0.000000
2026-08-30T16:07:23+00:00,20260830T160722Z,ollama,llama3.2:3b,simulate,0,1,1572,0,0,80,0.000000
2026-08-30T16:07:23+00:00,20260830T160722Z,ollama,llama3.2:3b,simulate,0,1,1401,0,0,79,0.000000
2026-08-30T16:07:23+00:00,20260830T160722Z,ollama,llama3.2:3b,simulate,0,1,1508,0,0,79,0.000000
2026-08-30T16:07:23+00:00,20260830T160722Z,ollama,llama3.2:3b,simulate,0,1,1448,0,0,81,0.000000
2026-08-30T16:07:23+00:00,20260830T160722Z,ollama,llama3.2:3b,simulate,0,1,1410,0,0,98,0.000000
2026-08-30T16:07:23+00:00,20260830T160722Z,ollama,llama3.2:3b,simulate,0,1,1613,0,0,79,0.000000
2026-08-30T16:07:23+00:00,20260830T160722Z,ollama,llama3.2:3b,simulate,0,1,1430,0,0,75,0.000000
2026-08-30T16:07:23+00:00,20260830T160722Z,ollama,llama3.2:3b,simulate,0,1,1504,0,0,107,0.000000
2026-08-30T16:07:23+00:00,20260830T160722Z,ollama,llama3.2:3b,simulate,0,1,1456,0,0,94,0.000000
2026-08-30T16:07:23+00:00,20260830T160722Z,ollama,llama3.2:3b,simulate,0,1,1641,0,0,96,0.000000
2026-08-30T16:07:23+00:00,20260830T160722Z,ollama,llama3.2:3b,simulate,0,1,1641,0,0,96,0.000000
2026-08-30T16:07:23+00:00,20260830T160722Z,ollama,llama3.2:3b,simulate,0,1,1487,0,0,76,0.000000
2026-08-30T16:07:23+00:00,20260830T160722Z,ollama,llama3.2:3b,simulate,0,1,1908,0,0,111,0.000000
2026-08-30T16:07:23+00:00,20260830T160722Z,ollama,llama3.2:3b,simulate,0,1,1452,0,0,107,0.000000
2026-08-30T16:07:23+00:00,20260830T160722Z,ollama,llama3.2:3b,simulate,0,1,1835,0,0,85,0.000000
2026-08-30T16:07:23+00:00,20260830T160722Z,ollama,llama3.2:3b,simulate,0,1,1829,0,0,99,0.000000
2026-08-30T16:07:23+00:00,20260830T160722Z,ollama,llama3.2:3b,simulate,0,1,1416,0,0,73,0.000000
2026-08-30T16:07:23+00:00,20260830T160722Z,ollama,llama3.2:3b,simulate,0,1,1578,0,0,94,0.000000
2026-08-30T16:07:23+00:00,20260830T160722Z,ollama,llama3.2:3b,simulate,0,1,1476,0,0,94,0.000000
2026-08-30T16:07:23+00:00,20260830T160722Z,ollama,llama3.2:3b,simulate,0,1,1589,0,0,113,0.000000
2026-08-30T16:07:23+00:00,20260830T160722Z,ollama,llama3.2:3b,simulate,0,1,1489,0,0,105,0.000000
2026-08-30T16:07:23+00:00,20260830T160722Z,ollama,llama3.2:3b,simulate,0,1,1402,0,0,93,0.000000
2026-08-30T16:07:23+00:00,20260830T160722Z,ollama,llama3.2:3b,simulate,0,1,1402,0,0,93,0.000000
2026-08-30T16:07:23+00:00,20260830T160722Z,ollama,llama3.2:3b,simulate,0,1,1402,0,0,93,0.000000
2026-08-30T16:07:23+00:00,20260830T160722Z,ollama,llama3.2:3b,simulate,0,1,1402,0,0,93,0.000000
2026-08-30T16:07:23+00:00,20260830T160722Z,ollama,llama3.2:3b,simulate,0,1,1437,0,0,58,0.000000
2026-08-30T16:07:23+00:00,20260830T160722Z,ollama,llama3.2:3b,simulate,0,1,1438,0,0,73,0.000000
2026-08-30T16:07:23+00:00,20260830T160722Z,ollama,llama3.2:3b,simulate,0,1,1598,0,0,74,0.000000
2026-08-30T16:07:23+00:00,20260830T160722Z,ollama,llama3.2:3b,simulate,0,1,1518,0,0,83,0.000000
2026-08-30T16:07:23+00:00,20260830T160722Z,ollama,llama3.2:3b,simulate,0,1,1527,0,0,63,0.000000
2026-08-30T16:20:54+00:00,20260830T162054Z,ollama,llama3.2:3b,simulate,0,1,1466,0,0,87,0.000000
2026-08-30T16:20:54+00:00,20260830T162054Z,ollama,llama3.2:3b,simulate,0,1,1439,0,0,83,0.000000
2026-08-30T16:20:54+00:00,20260830T162054Z,ollama,llama3.2:3b,simulate,0,1,1391,0,0,60,0.000000
2026-08-30T16:20:54+00:00,20260830T162054Z,ollama,llama3.2:3b,simulate,0,1,1471,0,0,69,0.000000
2026-08-30T16:20:54+00:00,20260830T162054Z,ollama,llama3.2:3b,simulate,0,1,1441,0,0,69,0.000000
2026-08-30T16:20:54+00:00,20260830T162054Z,ollama,llama3.2:3b,simulate,0,1,1425,0,0,60,0.000000
2026-08-30T16:20:54+00:00,20260830T162054Z,ollama,llama3.2:3b,simulate,0,1,1465,0,0,79,0.000000
2026-08-30T16:20:54+00:00,20260830T162054Z,ollama,llama3.2:3b,simulate,0,1,1450,0,0,91,0.000000
2026-08-30T16:20:54+00:00,20260830T162054Z,ollama,llama3.2:3b,simulate,0,1,1430,0,0,62,0.000000
2026-08-30T16:20:54+00:00,20260830T162054Z,ollama,llama3.2:3b,simulate,0,1,1416,0,0,68,0.000000
2026-08-30T16:20:54+00:00,20260830T162054Z,ollama,llama3.2:3b,simulate,0,1,1484,0,0,92,0.000000
2026-08-30T16:20:54+00:00,20260830T162054Z,ollama,llama3.2:3b,simulate,0,1,1430,0,0,71,0.000000
2026-08-30T16:20:54+00:00,20260830T162054Z,ollama,llama3.2:3b,simulate,0,1,1431,0,0,101,0.000000
2026-08-30T16:20:54+00:00,20260830T162054Z,ollama,llama3.2:3b,simulate,0,1,1504,0,0,76,0.000000
2026-08-30T16:20:54+00:00,20260830T162054Z,ollama,llama3.2:3b,simulate,0,1,1421,0,0,64,0.000000
2026-08-30T16:20:54+00:00,20260830T162054Z,ollama,llama3.2:3b,simulate,0,1,1421,0,0,64,0.000000
2026-08-30T16:20:54+00:00,20260830T162054Z,ollama,llama3.2:3b,simulate,0,1,1518,0,0,94,0.000000
2026-08-30T16:20:54+00:00,20260830T162054Z,ollama,llama3.2:3b,simulate,0,1,1518,0,0,94,0.000000
2026-08-30T16:20:54+00:00,20260830T162054Z,ollama,llama3.2:3b,simulate,0,1,1431,0,0,59,0.000000
2026-08-30T16:20:54+00:00,20260830T162054Z,ollama,llama3.2:3b,simulate,0,1,1431,0,0,59,0.000000
2026-08-30T16:20:54+00:00,20260830T162054Z,ollama,llama3.2:3b,simulate,0,1,1431,0,0,59,0.000000
2026-08-30T16:20:54+00:00,20260830T162054Z,ollama,llama3.2:3b,simulate,0,1,1944,0,0,108,0.000000
2026-08-30T16:20:54+00:00,20260830T162054Z,ollama,llama3.2:3b,simulate,0,1,1553,0,0,80,0.000000
2026-08-30T16:20:54+00:00,20260830T162054Z,ollama,llama3.2:3b,simulate,0,1,1390,0,0,92,0.000000
2026-08-30T16:20:54+00:00,20260830T162054Z,ollama,llama3.2:3b,simulate,0,1,1537,0,0,91,0.000000
2026-08-30T16:20:54+00:00,20260830T162054Z,ollama,llama3.2:3b,simulate,0,1,1421,0,0,61,0.000000
2026-08-30T16:20:54+00:00,20260830T162054Z,ollama,llama3.2:3b,simulate,0,1,1457,0,0,83,0.000000
2026-08-30T16:20:54+00:00,20260830T162054Z,ollama,llama3.2:3b,simulate,0,1,1457,0,0,83,0.000000
2026-08-30T16:20:54+00:00,20260830T162054Z,ollama,llama3.2:3b,simulate,0,1,1411,0,0,63,0.000000
2026-08-30T16:20:54+00:00,20260830T162054Z,ollama,llama3.2:3b,simulate,0,1,1499,0,0,105,0.000000
2026-08-30T16:20:54+00:00,20260830T162054Z,ollama,llama3.2:3b,simulate,0,1,1536,0,0,99,0.000000
2026-08-30T16:20:54+00:00,20260830T162054Z,ollama,llama3.2:3b,simulate,0,1,1535,0,0,100,0.000000
2026-08-30T16:20:54+00:00,20260830T162054Z,ollama,llama3.2:3b,simulate,0,1,1552,0,0,147,0.000000
2026-08-30T16:20:54+00:00,20260830T162054Z,ollama,llama3.2:3b,simulate,0,1,1412,0,0,111,0.000000
2026-08-30T16:20:54+00:00,20260830T162054Z,ollama,llama3.2:3b,simulate,0,1,1531,0,0,92,0.000000
2026-08-30T16:20:54+00:00,20260830T162054Z,ollama,llama3.2:3b,simulate,0,1,1412,0,0,111,0.000000
2026-08-30T16:20:54+00:00,20260830T162054Z,ollama,llama3.2:3b,simulate,0,1,1845,0,0,100,0.000000
2026-08-30T16:20:54+00:00,20260830T162054Z,ollama,llama3.2:3b,simulate,0,1,1456,0,0,82,0.000000
2026-08-30T16:20:54+00:00,20260830T162054Z,ollama,llama3.2:3b,simulate,0,1,1491,0,0,63,0.000000
2026-08-30T16:20:54+00:00,20260830T162054Z,ollama,llama3.2:3b,simulate,0,1,1446,0,0,63,0.000000
2026-08-30T16:20:54+00:00,20260830T162054Z,ollama,llama3.2:3b,simulate,0,1,1431,0,0,82,0.000000
2026-08-30T16:20:54+00:00,20260830T162054Z,ollama,llama3.2:3b,simulate,0,1,1622,0,0,121,0.000000
2026-08-30T16:20:54+00:00,20260830T162054Z,ollama,llama3.2:3b,simulate,0,1,1454,0,0,109,0.000000
2026-08-30T16:20:54+00:00,20260830T162054Z,ollama,llama3.2:3b,simulate,0,1,1454,0,0,109,0.000000
2026-08-30T16:20:54+00:00,20260830T162054Z,ollama,llama3.2:3b,simulate,0,1,1454,0,0,109,0.000000
2026-08-30T16:20:54+00:00,20260830T162054Z,ollama,llama3.2:3b,simulate,0,1,1471,0,0,74,0.000000
2026-08-30T16:20:54+00:00,20260830T162054Z,ollama,llama3.2:3b,simulate,0,1,1448,0,0,64,0.000000
2026-08-30T16:20:54+00:00,20260830T162054Z,ollama,llama3.2:3b,simulate,0,1,1418,0,0,56,0.000000
2026-08-30T16:20:54+00:00,20260830T162054Z,ollama,llama3.2:3b,simulate,0,1,1408,0,0,63,0.000000
2026-08-30T16:20:54+00:00,20260830T162054Z,ollama,llama3.2:3b,simulate,0,1,1462,0,0,99,0.000000
2026-08-30T16:20:54+00:00,20260830T162054Z,ollama,llama3.2:3b,simulate,0,1,1497,0,0,94,0.000000
2026-08-30T16:20:54+00:00,20260830T162054Z,ollama,llama3.2:3b,simulate,0,1,1419,0,0,79,0.000000
2026-08-30T16:20:54+00:00,20260830T162054Z,ollama,llama3.2:3b,simulate,0,1,1433,0,0,62,0.000000
2026-08-30T16:20:54+00:00,20260830T162054Z,ollama,llama3.2:3b,simulate,0,1,1433,0,0,62,0.000000
2026-08-30T16:20:54+00:00,20260830T162054Z,ollama,llama3.2:3b,simulate,0,1,1439,0,0,78,0.000000
2026-08-30T16:20:54+00:00,20260830T162054Z,ollama,llama3.2:3b,simulate,0,1,1439,0,0,78,0.000000
2026-08-30T16:20:54+00:00,20260830T162054Z,ollama,llama3.2:3b,simulate,0,1,1439,0,0,78,0.000000
2026-08-30T16:20:54+00:00,20260830T162054Z,ollama,llama3.2:3b,simulate,0,1,1439,0,0,78,0.000000
2026-08-30T16:20:54+00:00,20260830T162054Z,ollama,llama3.2:3b,simulate,0,1,1464,0,0,65,0.000000
2026-08-30T16:20:54+00:00,20260830T162054Z,ollama,llama3.2:3b,simulate,0,1,1464,0,0,65,0.000000
2026-08-30T16:20:54+00:00,20260830T162054Z,ollama,llama3.2:3b,simulate,0,1,1464,0,0,65,0.000000
2026-08-30T16:20:54+00:00,20260830T162054Z,ollama,llama3.2:3b,simulate,0,1,1444,0,0,106,0.000000
2026-08-30T16:20:54+00:00,20260830T162054Z,ollama,llama3.2:3b,simulate,0,1,1443,0,0,73,0.000000
2026-08-30T16:20:54+00:00,20260830T162054Z,ollama,llama3.2:3b,simulate,0,1,1440,0,0,78,0.000000
2026-08-30T16:20:54+00:00,20260830T162054Z,ollama,llama3.2:3b,simulate,0,1,1425,0,0,95,0.000000
2026-08-30T16:20:54+00:00,20260830T162054Z,ollama,llama3.2:3b,simulate,0,1,1425,0,0,95,0.000000
2026-08-30T16:20:54+00:00,20260830T162054Z,ollama,llama3.2:3b,simulate,0,1,1467,0,0,72,0.000000
2026-08-30T16:20:54+00:00,20260830T162054Z,ollama,llama3.2:3b,simulate,0,1,1412,0,0,69,0.000000
2026-08-30T16:20:54+00:00,20260830T162054Z,ollama,llama3.2:3b,simulate,0,1,1436,0,0,73,0.000000
2026-08-30T16:20:54+00:00,20260830T162054Z,ollama,llama3.2:3b,simulate,0,1,1564,0,0,122,0.000000
2026-08-30T16:20:54+00:00,20260830T162054Z,ollama,llama3.2:3b,simulate,0,1,1399,0,0,71,0.000000
2026-08-30T16:20:54+00:00,20260830T162054Z,ollama,llama3.2:3b,simulate,0,1,1612,0,0,90,0.000000
2026-08-30T16:20:54+00:00,20260830T162054Z,ollama,llama3.2:3b,simulate,0,1,1426,0,0,71,0.000000
2026-08-30T16:20:54+00:00,20260830T162054Z,ollama,llama3.2:3b,simulate,0,1,1457,0,0,82,0.000000
2026-08-30T16:20:54+00:00,20260830T162054Z,ollama,llama3.2:3b,simulate,0,1,1457,0,0,82,0.000000
2026-08-30T16:20:54+00:00,20260830T162054Z,ollama,llama3.2:3b,simulate,0,1,1442,0,0,77,0.000000
2026-08-30T16:20:54+00:00,20260830T162054Z,ollama,llama3.2:3b,simulate,0,1,1457,0,0,82,0.000000
2026-08-30T16:20:54+00:00,20260830T162054Z,ollama,llama3.2:3b,simulate,0,1,1432,0,0,79,0.000000
2026-08-30T16:20:54+00:00,20260830T162054Z,ollama,llama3.2:3b,simulate,0,1,1388,0,0,69,0.000000
2026-08-30T16:20:54+00:00,20260830T162054Z,ollama,llama3.2:3b,simulate,0,1,1451,0,0,75,0.000000
2026-08-30T16:20:54+00:00,20260830T162054Z,ollama,llama3.2:3b,simulate,0,1,1368,0,0,54,0.000000
2026-08-30T16:20:54+00:00,20260830T162054Z,ollama,llama3.2:3b,simulate,0,1,1368,0,0,54,0.000000
2026-08-30T16:20:54+00:00,20260830T162054Z,ollama,llama3.2:3b,simulate,0,1,1446,0,0,65,0.000000
2026-08-30T16:20:54+00:00,20260830T162054Z,ollama,llama3.2:3b,simulate,0,1,1467,0,0,114,0.000000
2026-08-30T16:20:54+00:00,20260830T162054Z,ollama,llama3.2:3b,simulate,0,1,1425,0,0,90,0.000000
2026-08-30T16:20:54+00:00,20260830T162054Z,ollama,llama3.2:3b,simulate,0,1,2331,0,0,124,0.000000
2026-08-30T16:20:54+00:00,20260830T162054Z,ollama,llama3.2:3b,simulate,0,1,1530,0,0,115,0.000000
2026-08-30T16:20:54+00:00,20260830T162054Z,ollama,llama3.2:3b,simulate,0,1,1575,0,0,85,0.000000
2026-08-30T16:20:54+00:00,20260830T162054Z,ollama,llama3.2:3b,simulate,0,1,1775,0,0,106,0.000000
2026-08-30T16:20:54+00:00,20260830T162054Z,ollama,llama3.2:3b,simulate,0,1,1461,0,0,88,0.000000
2026-08-30T16:20:54+00:00,20260830T162054Z,ollama,llama3.2:3b,simulate,0,1,1508,0,0,90,0.000000
2026-08-30T16:20:54+00:00,20260830T162054Z,ollama,llama3.2:3b,simulate,0,1,1543,0,0,69,0.000000
2026-08-30T16:20:54+00:00,20260830T162054Z,ollama,llama3.2:3b,simulate,0,1,1384,0,0,59,0.000000
2026-08-30T16:20:54+00:00,20260830T162054Z,ollama,llama3.2:3b,simulate,0,1,1511,0,0,109,0.000000
2026-08-30T16:20:54+00:00,20260830T162054Z,ollama,llama3.2:3b,simulate,0,1,1429,0,0,86,0.000000
2026-08-30T16:20:54+00:00,20260830T162054Z,ollama,llama3.2:3b,simulate,0,1,1382,0,0,89,0.000000
2026-08-30T16:20:54+00:00,20260830T162054Z,ollama,llama3.2:3b,simulate,0,1,1475,0,0,71,0.000000
2026-08-30T16:20:54+00:00,20260830T162054Z,ollama,llama3.2:3b,simulate,0,1,1475,0,0,71,0.000000
2026-08-30T16:20:54+00:00,20260830T162054Z,ollama,llama3.2:3b,simulate,0,1,1575,0,0,99,0.000000
2026-08-30T16:20:54+00:00,20260830T162054Z,ollama,llama3.2:3b,simulate,0,1,1510,0,0,119,0.000000
2026-08-30T16:20:54+00:00,20260830T162054Z,ollama,llama3.2:3b,simulate,0,1,1384,0,0,89,0.000000
2026-08-30T16:20:55+00:00,20260830T162054Z,ollama,llama3.2:3b,simulate,0,1,1544,0,0,77,0.000000
2026-08-30T16:20:55+00:00,20260830T162054Z,ollama,llama3.2:3b,simulate,0,1,1588,0,0,61,0.000000
2026-08-30T16:20:55+00:00,20260830T162054Z,ollama,llama3.2:3b,simulate,0,1,1656,0,0,121,0.000000
2026-08-30T16:20:55+00:00,20260830T162054Z,ollama,llama3.2:3b,simulate,0,1,1468,0,0,89,0.000000
2026-08-30T16:20:55+00:00,20260830T162054Z,ollama,llama3.2:3b,simulate,0,1,1434,0,0,68,0.000000
2026-08-30T16:20:55+00:00,20260830T162054Z,ollama,llama3.2:3b,simulate,0,1,1451,0,0,86,0.000000
2026-08-30T16:20:55+00:00,20260830T162054Z,ollama,llama3.2:3b,simulate,0,1,1451,0,0,86,0.000000
2026-08-30T16:20:55+00:00,20260830T162054Z,ollama,llama3.2:3b,simulate,0,1,1454,0,0,63,0.000000
2026-08-30T16:20:55+00:00,20260830T162054Z,ollama,llama3.2:3b,simulate,0,1,1434,0,0,74,0.000000
2026-08-30T16:20:55+00:00,20260830T162054Z,ollama,llama3.2:3b,simulate,0,1,1459,0,0,86,0.000000
2026-08-30T16:20:55+00:00,20260830T162054Z,ollama,llama3.2:3b,simulate,0,1,1518,0,0,87,0.000000
2026-08-30T16:20:55+00:00,20260830T162054Z,ollama,llama3.2:3b,simulate,0,1,1518,0,0,87,0.000000
2026-08-30T16:20:55+00:00,20260830T162054Z,ollama,llama3.2:3b,simulate,0,1,2585,0,0,90,0.000000
2026-08-30T16:20:55+00:00,20260830T162054Z,ollama,llama3.2:3b,simulate,0,1,1439,0,0,67,0.000000
2026-08-30T16:20:55+00:00,20260830T162054Z,ollama,llama3.2:3b,simulate,0,1,1464,0,0,95,0.000000
2026-08-30T16:20:55+00:00,20260830T162054Z,ollama,llama3.2:3b,simulate,0,1,1422,0,0,108,0.000000
2026-08-30T16:20:55+00:00,20260830T162054Z,ollama,llama3.2:3b,simulate,0,1,1443,0,0,66,0.000000
2026-08-30T16:20:55+00:00,20260830T162054Z,ollama,llama3.2:3b,simulate,0,1,1570,0,0,95,0.000000
2026-08-30T16:20:55+00:00,20260830T162054Z,ollama,llama3.2:3b,simulate,0,1,1570,0,0,95,0.000000
2026-08-30T16:20:55+00:00,20260830T162054Z,ollama,llama3.2:3b,simulate,0,1,1734,0,0,106,0.000000
2026-08-30T16:20:55+00:00,20260830T162054Z,ollama,llama3.2:3b,simulate,0,1,1403,0,0,64,0.000000
2026-08-30T16:20:55+00:00,20260830T162054Z,ollama,llama3.2:3b,simulate,0,1,1384,0,0,75,0.000000
2026-08-30T16:20:55+00:00,20260830T162054Z,ollama,llama3.2:3b,simulate,0,1,1504,0,0,90,0.000000
2026-08-30T16:20:55+00:00,20260830T162054Z,ollama,llama3.2:3b,simulate,0,1,2050,0,0,150,0.000000
2026-08-30T16:20:55+00:00,20260830T162054Z,ollama,llama3.2:3b,simulate,0,1,1477,0,0,72,0.000000
2026-08-30T16:20:55+00:00,20260830T162054Z,ollama,llama3.2:3b,simulate,0,1,1507,0,0,72,0.000000
2026-08-30T16:20:55+00:00,20260830T162054Z,ollama,llama3.2:3b,simulate,0,1,1477,0,0,72,0.000000
2026-08-30T16:20:55+00:00,20260830T162054Z,ollama,llama3.2:3b,simulate,0,1,1417,0,0,68,0.000000
2026-08-30T16:20:55+00:00,20260830T162054Z,ollama,llama3.2:3b,simulate,0,1,1438,0,0,66,0.000000
2026-08-30T16:20:55+00:00,20260830T162054Z,ollama,llama3.2:3b,simulate,0,1,1475,0,0,77,0.000000
2026-08-30T16:20:55+00:00,20260830T162054Z,ollama,llama3.2:3b,simulate,0,1,1435,0,0,81,0.000000
2026-08-30T16:20:55+00:00,20260830T162054Z,ollama,llama3.2:3b,simulate,0,1,1397,0,0,89,0.000000
2026-08-30T16:20:55+00:00,20260830T162054Z,ollama,llama3.2:3b,simulate,0,1,1397,0,0,89,0.000000
2026-08-30T16:20:55+00:00,20260830T162054Z,ollama,llama3.2:3b,simulate,0,1,1404,0,0,82,0.000000
2026-08-30T16:20:55+00:00,20260830T162054Z,ollama,llama3.2:3b,simulate,0,1,1464,0,0,93,0.000000
2026-08-30T16:20:55+00:00,20260830T162054Z,ollama,llama3.2:3b,simulate,0,1,1397,0,0,70,0.000000
2026-08-30T16:20:55+00:00,20260830T162054Z,ollama,llama3.2:3b,simulate,0,1,1427,0,0,75,0.000000
2026-08-30T16:20:55+00:00,20260830T162054Z,ollama,llama3.2:3b,simulate,0,1,1470,0,0,88,0.000000
2026-08-30T16:20:55+00:00,20260830T162054Z,ollama,llama3.2:3b,simulate,0,1,1470,0,0,88,0.000000
2026-08-30T16:20:55+00:00,20260830T162054Z,ollama,llama3.2:3b,simulate,0,1,1485,0,0,76,0.000000
2026-08-30T16:20:55+00:00,20260830T162054Z,ollama,llama3.2:3b,simulate,0,1,1431,0,0,58,0.000000
2026-08-30T16:20:55+00:00,20260830T162054Z,ollama,llama3.2:3b,simulate,0,1,1461,0,0,89,0.000000
2026-08-30T16:20:55+00:00,20260830T162054Z,ollama,llama3.2:3b,simulate,0,1,1431,0,0,58,0.000000
2026-08-30T16:20:55+00:00,20260830T162054Z,ollama,llama3.2:3b,simulate,0,1,1431,0,0,58,0.000000
2026-08-30T16:20:55+00:00,20260830T162054Z,ollama,llama3.2:3b,simulate,0,1,1431,0,0,58,0.000000
2026-08-30T16:20:55+00:00,20260830T162054Z,ollama,llama3.2:3b,simulate,0,1,1461,0,0,89,0.000000
2026-08-30T16:20:55+00:00,20260830T162054Z,ollama,llama3.2:3b,simulate,0,1,1461,0,0,89,0.000000
2026-08-30T16:20:55+00:00,20260830T162054Z,ollama,llama3.2:3b,simulate,0,1,1461,0,0,89,0.000000
2026-08-30T16:20:55+00:00,20260830T162054Z,ollama,llama3.2:3b,simulate,0,1,1461,0,0,89,0.000000
2026-08-30T16:20:55+00:00,20260830T162054Z,ollama,llama3.2:3b,simulate,0,1,1461,0,0,89,0.000000
2026-08-30T16:20:55+00:00,20260830T162054Z,ollama,llama3.2:3b,simulate,0,1,1461,0,0,89,0.000000
2026-08-30T16:20:55+00:00,20260830T162054Z,ollama,llama3.2:3b,simulate,0,1,1392,0,0,79,0.000000
2026-08-30T16:20:55+00:00,20260830T162054Z,ollama,llama3.2:3b,simulate,0,1,1473,0,0,101,0.000000
2026-08-30T16:20:55+00:00,20260830T162054Z,ollama,llama3.2:3b,simulate,0,1,1760,0,0,133,0.000000
2026-08-30T16:20:55+00:00,20260830T162054Z,ollama,llama3.2:3b,simulate,0,1,1461,0,0,106,0.000000
2026-08-30T16:20:55+00:00,20260830T162054Z,ollama,llama3.2:3b,simulate,0,1,1513,0,0,92,0.000000
2026-08-30T16:20:55+00:00,20260830T162054Z,ollama,llama3.2:3b,simulate,0,1,1554,0,0,100,0.000000
2026-08-30T16:20:55+00:00,20260830T162054Z,ollama,llama3.2:3b,simulate,0,1,1405,0,0,115,0.000000
2026-08-30T16:20:55+00:00,20260830T162054Z,ollama,llama3.2:3b,simulate,0,1,1405,0,0,115,0.000000
2026-08-30T16:20:55+00:00,20260830T162054Z,ollama,llama3.2:3b,simulate,0,1,1572,0,0,80,0.000000
2026-08-30T16:20:55+00:00,20260830T162054Z,ollama,llama3.2:3b,simulate,0,1,1401,0,0,79,0.000000
2026-08-30T16:20:55+00:00,20260830T162054Z,ollama,llama3.2:3b,simulate,0,1,1508,0,0,79,0.000000
2026-08-30T16:20:55+00:00,20260830T162054Z,ollama,llama3.2:3b,simulate,0,1,1448,0,0,81,0.000000
2026-08-30T16:20:55+00:00,20260830T162054Z,ollama,llama3.2:3b,simulate,0,1,1410,0,0,98,0.000000
2026-08-30T16:20:55+00:00,20260830T162054Z,ollama,llama3.2:3b,simulate,0,1,1613,0,0,79,0.000000
2026-08-30T16:20:55+00:00,20260830T162054Z,ollama,llama3.2:3b,simulate,0,1,1430,0,0,75,0.000000
2026-08-30T16:20:55+00:00,20260830T162054Z,ollama,llama3.2:3b,simulate,0,1,1504,0,0,107,0.000000
2026-08-30T16:20:55+00:00,20260830T162054Z,ollama,llama3.2:3b,simulate,0,1,1456,0,0,94,0.000000
2026-08-30T16:20:55+00:00,20260830T162054Z,ollama,llama3.2:3b,simulate,0,1,1641,0,0,96,0.000000
2026-08-30T16:20:55+00:00,20260830T162054Z,ollama,llama3.2:3b,simulate,0,1,1641,0,0,96,0.000000
2026-08-30T16:20:55+00:00,20260830T162054Z,ollama,llama3.2:3b,simulate,0,1,1487,0,0,76,0.000000
2026-08-30T16:20:55+00:00,20260830T162054Z,ollama,llama3.2:3b,simulate,0,1,1908,0,0,111,0.000000
2026-08-30T16:20:55+00:00,20260830T162054Z,ollama,llama3.2:3b,simulate,0,1,1452,0,0,107,0.000000
2026-08-30T16:20:55+00:00,20260830T162054Z,ollama,llama3.2:3b,simulate,0,1,1835,0,0,85,0.000000
2026-08-30T16:20:55+00:00,20260830T162054Z,ollama,llama3.2:3b,simulate,0,1,1829,0,0,99,0.000000
2026-08-30T16:20:55+00:00,20260830T162054Z,ollama,llama3.2:3b,simulate,0,1,1416,0,0,73,0.000000
2026-08-30T16:20:55+00:00,20260830T162054Z,ollama,llama3.2:3b,simulate,0,1,1578,0,0,94,0.000000
2026-08-30T16:20:55+00:00,20260830T162054Z,ollama,llama3.2:3b,simulate,0,1,1476,0,0,94,0.000000
2026-08-30T16:20:55+00:00,20260830T162054Z,ollama,llama3.2:3b,simulate,0,1,1589,0,0,113,0.000000
2026-08-30T16:20:55+00:00,20260830T162054Z,ollama,llama3.2:3b,simulate,0,1,1489,0,0,105,0.000000
2026-08-30T16:20:55+00:00,20260830T162054Z,ollama,llama3.2:3b,simulate,0,1,1402,0,0,93,0.000000
2026-08-30T16:20:55+00:00,20260830T162054Z,ollama,llama3.2:3b,simulate,0,1,1402,0,0,93,0.000000
2026-08-30T16:20:55+00:00,20260830T162054Z,ollama,llama3.2:3b,simulate,0,1,1402,0,0,93,0.000000
2026-08-30T16:20:55+00:00,20260830T162054Z,ollama,llama3.2:3b,simulate,0,1,1402,0,0,93,0.000000
2026-08-30T16:20:55+00:00,20260830T162054Z,ollama,llama3.2:3b,simulate,0,1,1437,0,0,58,0.000000
2026-08-30T16:20:55+00:00,20260830T162054Z,ollama,llama3.2:3b,simulate,0,1,1438,0,0,73,0.000000
2026-08-30T16:20:55+00:00,20260830T162054Z,ollama,llama3.2:3b,simulate,0,1,1598,0,0,74,0.000000
2026-08-30T16:20:55+00:00,20260830T162054Z,ollama,llama3.2:3b,simulate,0,1,1518,0,0,83,0.000000
2026-08-30T16:20:55+00:00,20260830T162054Z,ollama,llama3.2:3b,simulate,0,1,1527,0,0,63,0.000000
2026-08-30T16:31:47+00:00,20260830T163033Z,ollama,local/qwen2.5:3b,judge,0,1,574,0,0,198,0.000000
2026-08-30T16:32:28+00:00,20260830T163033Z,ollama,local/qwen2.5:3b,judge,0,1,560,0,0,271,0.000000
2026-08-30T16:32:56+00:00,20260830T163033Z,ollama,local/qwen2.5:3b,judge,0,1,559,0,0,204,0.000000
2026-08-30T16:33:28+00:00,20260830T163033Z,ollama,local/qwen2.5:3b,judge,0,1,556,0,0,233,0.000000
2026-08-30T16:33:59+00:00,20260830T163033Z,ollama,local/qwen2.5:3b,judge,0,1,580,0,0,214,0.000000
2026-08-30T16:34:29+00:00,20260830T163033Z,ollama,local/qwen2.5:3b,judge,0,1,563,0,0,213,0.000000
2026-08-30T16:35:01+00:00,20260830T163033Z,ollama,local/qwen2.5:3b,judge,0,1,583,0,0,235,0.000000
2026-08-30T16:35:29+00:00,20260830T163033Z,ollama,local/qwen2.5:3b,judge,0,1,553,0,0,217,0.000000
2026-08-30T16:35:58+00:00,20260830T163033Z,ollama,local/qwen2.5:3b,judge,0,1,587,0,0,207,0.000000
2026-08-30T16:35:58+00:00,20260830T163033Z,ollama,local/qwen2.5:3b,judge,0,1,587,0,0,207,0.000000
2026-08-30T16:36:25+00:00,20260830T163033Z,ollama,local/qwen2.5:3b,judge,0,1,557,0,0,201,0.000000
2026-08-30T16:36:25+00:00,20260830T163033Z,ollama,local/qwen2.5:3b,judge,0,1,557,0,0,201,0.000000
2026-08-30T16:36:25+00:00,20260830T163033Z,ollama,local/qwen2.5:3b,judge,0,1,557,0,0,201,0.000000
2026-08-30T16:36:58+00:00,20260830T163033Z,ollama,local/qwen2.5:3b,judge,0,1,568,0,0,243,0.000000
2026-08-30T16:37:32+00:00,20260830T163033Z,ollama,local/qwen2.5:3b,judge,0,1,575,0,0,263,0.000000
2026-08-30T16:38:05+00:00,20260830T163033Z,ollama,local/qwen2.5:3b,judge,0,1,582,0,0,220,0.000000
2026-08-30T16:38:42+00:00,20260830T163033Z,ollama,local/qwen2.5:3b,judge,0,1,581,0,0,257,0.000000
2026-08-30T16:39:18+00:00,20260830T163033Z,ollama,local/qwen2.5:3b,judge,0,1,602,0,0,240,0.000000
2026-08-30T16:39:18+00:00,20260830T163033Z,ollama,local/qwen2.5:3b,judge,0,1,602,0,0,240,0.000000
2026-08-30T16:39:52+00:00,20260830T163033Z,ollama,local/qwen2.5:3b,judge,0,1,579,0,0,227,0.000000
2026-08-30T16:40:20+00:00,20260830T163033Z,ollama,local/qwen2.5:3b,judge,0,1,576,0,0,190,0.000000
2026-08-30T16:40:48+00:00,20260830T163033Z,ollama,local/qwen2.5:3b,judge,0,1,562,0,0,191,0.000000
2026-08-30T16:41:20+00:00,20260830T163033Z,ollama,local/qwen2.5:3b,judge,0,1,563,0,0,244,0.000000
2026-08-30T16:41:48+00:00,20260830T163033Z,ollama,local/qwen2.5:3b,judge,0,1,585,0,0,197,0.000000
2026-08-30T16:41:48+00:00,20260830T163033Z,ollama,local/qwen2.5:3b,judge,0,1,585,0,0,197,0.000000
2026-08-30T16:42:19+00:00,20260830T163033Z,ollama,local/qwen2.5:3b,judge,0,1,558,0,0,215,0.000000
2026-08-30T16:42:52+00:00,20260830T163033Z,ollama,local/qwen2.5:3b,judge,0,1,553,0,0,221,0.000000
2026-08-30T16:43:23+00:00,20260830T163033Z,ollama,local/qwen2.5:3b,judge,0,1,567,0,0,203,0.000000
2026-08-30T16:43:59+00:00,20260830T163033Z,ollama,local/qwen2.5:3b,judge,0,1,572,0,0,262,0.000000
2026-08-30T16:44:25+00:00,20260830T163033Z,ollama,local/qwen2.5:3b,judge,0,1,566,0,0,215,0.000000
2026-08-30T16:44:25+00:00,20260830T163033Z,ollama,local/qwen2.5:3b,judge,0,1,566,0,0,215,0.000000
2026-08-30T16:44:25+00:00,20260830T163033Z,ollama,local/qwen2.5:3b,judge,0,1,566,0,0,215,0.000000
2026-08-30T16:44:52+00:00,20260830T163033Z,ollama,local/qwen2.5:3b,judge,0,1,564,0,0,216,0.000000
2026-08-30T16:44:52+00:00,20260830T163033Z,ollama,local/qwen2.5:3b,judge,0,1,564,0,0,216,0.000000
2026-08-30T16:45:20+00:00,20260830T163033Z,ollama,local/qwen2.5:3b,judge,0,1,585,0,0,225,0.000000
2026-08-30T16:45:47+00:00,20260830T163033Z,ollama,local/qwen2.5:3b,judge,0,1,567,0,0,228,0.000000
2026-08-30T16:46:02+00:00,20260830T164602Z,ollama,local/qwen2.5:3b,judge,0,1,574,0,0,198,0.000000
2026-08-30T16:46:02+00:00,20260830T164602Z,ollama,local/qwen2.5:3b,judge,0,1,560,0,0,271,0.000000
2026-08-30T16:46:02+00:00,20260830T164602Z,ollama,local/qwen2.5:3b,judge,0,1,559,0,0,204,0.000000
2026-08-30T16:46:02+00:00,20260830T164602Z,ollama,local/qwen2.5:3b,judge,0,1,556,0,0,233,0.000000
2026-08-30T16:46:02+00:00,20260830T164602Z,ollama,local/qwen2.5:3b,judge,0,1,580,0,0,214,0.000000
2026-08-30T16:46:02+00:00,20260830T164602Z,ollama,local/qwen2.5:3b,judge,0,1,563,0,0,213,0.000000
2026-08-30T16:46:02+00:00,20260830T164602Z,ollama,local/qwen2.5:3b,judge,0,1,583,0,0,235,0.000000
2026-08-30T16:46:02+00:00,20260830T164602Z,ollama,local/qwen2.5:3b,judge,0,1,553,0,0,217,0.000000
2026-08-30T16:46:02+00:00,20260830T164602Z,ollama,local/qwen2.5:3b,judge,0,1,587,0,0,207,0.000000
2026-08-30T16:46:02+00:00,20260830T164602Z,ollama,local/qwen2.5:3b,judge,0,1,587,0,0,207,0.000000
2026-08-30T16:46:02+00:00,20260830T164602Z,ollama,local/qwen2.5:3b,judge,0,1,557,0,0,201,0.000000
2026-08-30T16:46:02+00:00,20260830T164602Z,ollama,local/qwen2.5:3b,judge,0,1,557,0,0,201,0.000000
2026-08-30T16:46:02+00:00,20260830T164602Z,ollama,local/qwen2.5:3b,judge,0,1,557,0,0,201,0.000000
2026-08-30T16:46:02+00:00,20260830T164602Z,ollama,local/qwen2.5:3b,judge,0,1,568,0,0,243,0.000000
2026-08-30T16:46:02+00:00,20260830T164602Z,ollama,local/qwen2.5:3b,judge,0,1,575,0,0,263,0.000000
2026-08-30T16:46:02+00:00,20260830T164602Z,ollama,local/qwen2.5:3b,judge,0,1,582,0,0,220,0.000000
2026-08-30T16:46:02+00:00,20260830T164602Z,ollama,local/qwen2.5:3b,judge,0,1,581,0,0,257,0.000000
2026-08-30T16:46:02+00:00,20260830T164602Z,ollama,local/qwen2.5:3b,judge,0,1,602,0,0,240,0.000000
2026-08-30T16:46:02+00:00,20260830T164602Z,ollama,local/qwen2.5:3b,judge,0,1,602,0,0,240,0.000000
2026-08-30T16:46:02+00:00,20260830T164602Z,ollama,local/qwen2.5:3b,judge,0,1,579,0,0,227,0.000000
2026-08-30T16:46:02+00:00,20260830T164602Z,ollama,local/qwen2.5:3b,judge,0,1,576,0,0,190,0.000000
2026-08-30T16:46:02+00:00,20260830T164602Z,ollama,local/qwen2.5:3b,judge,0,1,562,0,0,191,0.000000
2026-08-30T16:46:02+00:00,20260830T164602Z,ollama,local/qwen2.5:3b,judge,0,1,563,0,0,244,0.000000
2026-08-30T16:46:02+00:00,20260830T164602Z,ollama,local/qwen2.5:3b,judge,0,1,585,0,0,197,0.000000
2026-08-30T16:46:02+00:00,20260830T164602Z,ollama,local/qwen2.5:3b,judge,0,1,585,0,0,197,0.000000
2026-08-30T16:46:02+00:00,20260830T164602Z,ollama,local/qwen2.5:3b,judge,0,1,558,0,0,215,0.000000
2026-08-30T16:46:02+00:00,20260830T164602Z,ollama,local/qwen2.5:3b,judge,0,1,553,0,0,221,0.000000
2026-08-30T16:46:02+00:00,20260830T164602Z,ollama,local/qwen2.5:3b,judge,0,1,567,0,0,203,0.000000
2026-08-30T16:46:02+00:00,20260830T164602Z,ollama,local/qwen2.5:3b,judge,0,1,572,0,0,262,0.000000
2026-08-30T16:46:02+00:00,20260830T164602Z,ollama,local/qwen2.5:3b,judge,0,1,566,0,0,215,0.000000
2026-08-30T16:46:02+00:00,20260830T164602Z,ollama,local/qwen2.5:3b,judge,0,1,566,0,0,215,0.000000
2026-08-30T16:46:02+00:00,20260830T164602Z,ollama,local/qwen2.5:3b,judge,0,1,566,0,0,215,0.000000
2026-08-30T16:46:02+00:00,20260830T164602Z,ollama,local/qwen2.5:3b,judge,0,1,564,0,0,216,0.000000
2026-08-30T16:46:02+00:00,20260830T164602Z,ollama,local/qwen2.5:3b,judge,0,1,564,0,0,216,0.000000
2026-08-30T16:46:02+00:00,20260830T164602Z,ollama,local/qwen2.5:3b,judge,0,1,585,0,0,225,0.000000
2026-08-30T16:46:02+00:00,20260830T164602Z,ollama,local/qwen2.5:3b,judge,0,1,567,0,0,228,0.000000
2026-08-30T16:46:12+00:00,20260830T163033Z,ollama,local/qwen2.5:3b,judge,0,1,580,0,0,217,0.000000
2026-08-30T16:46:12+00:00,20260830T163033Z,ollama,local/qwen2.5:3b,judge,0,1,580,0,0,217,0.000000
2026-08-30T16:46:52+00:00,20260830T164602Z,ollama,local/qwen2.5:3b,judge,0,1,580,0,0,272,0.000000
2026-08-30T16:46:52+00:00,20260830T164602Z,ollama,local/qwen2.5:3b,judge,0,1,580,0,0,272,0.000000
2026-08-30T16:47:15+00:00,20260830T164602Z,ollama,local/qwen2.5:3b,judge,0,1,557,0,0,183,0.000000
2026-08-30T16:47:44+00:00,20260830T164602Z,ollama,local/qwen2.5:3b,judge,0,1,573,0,0,216,0.000000
2026-08-30T16:48:20+00:00,20260830T164602Z,ollama,local/qwen2.5:3b,judge,0,1,558,0,0,278,0.000000
2026-08-30T16:48:55+00:00,20260830T164602Z,ollama,local/qwen2.5:3b,judge,0,1,558,0,0,203,0.000000
2026-08-30T16:49:23+00:00,20260830T164602Z,ollama,local/qwen2.5:3b,judge,0,1,564,0,0,221,0.000000
2026-08-30T16:49:57+00:00,20260830T164602Z,ollama,local/qwen2.5:3b,judge,0,1,577,0,0,285,0.000000
2026-08-30T16:50:24+00:00,20260830T164602Z,ollama,local/qwen2.5:3b,judge,0,1,577,0,0,198,0.000000
2026-08-30T16:50:58+00:00,20260830T164602Z,ollama,local/qwen2.5:3b,judge,0,1,582,0,0,272,0.000000
2026-08-30T16:51:29+00:00,20260830T164602Z,ollama,local/qwen2.5:3b,judge,0,1,578,0,0,220,0.000000
2026-08-30T16:52:02+00:00,20260830T164602Z,ollama,local/qwen2.5:3b,judge,0,1,561,0,0,240,0.000000
2026-08-30T16:52:27+00:00,20260830T164602Z,ollama,local/qwen2.5:3b,judge,0,1,571,0,0,229,0.000000
2026-08-30T16:52:55+00:00,20260830T164602Z,ollama,local/qwen2.5:3b,judge,0,1,595,0,0,230,0.000000
2026-08-30T16:53:29+00:00,20260830T164602Z,ollama,local/qwen2.5:3b,judge,0,1,554,0,0,307,0.000000
2026-08-30T16:53:55+00:00,20260830T164602Z,ollama,local/qwen2.5:3b,judge,0,1,573,0,0,208,0.000000
2026-08-30T16:53:55+00:00,20260830T164602Z,ollama,local/qwen2.5:3b,judge,0,1,573,0,0,208,0.000000
2026-08-30T16:54:19+00:00,20260830T164602Z,ollama,local/qwen2.5:3b,judge,0,1,558,0,0,208,0.000000
2026-08-30T16:54:45+00:00,20260830T164602Z,ollama,local/qwen2.5:3b,judge,0,1,568,0,0,235,0.000000
2026-08-30T16:55:12+00:00,20260830T164602Z,ollama,local/qwen2.5:3b,judge,0,1,577,0,0,221,0.000000
2026-08-30T16:55:38+00:00,20260830T164602Z,ollama,local/qwen2.5:3b,judge,0,1,572,0,0,209,0.000000
2026-08-30T16:56:03+00:00,20260830T164602Z,ollama,local/qwen2.5:3b,judge,0,1,562,0,0,203,0.000000
2026-08-30T16:56:27+00:00,20260830T164602Z,ollama,local/qwen2.5:3b,judge,0,1,584,0,0,220,0.000000
2026-08-30T16:56:54+00:00,20260830T164602Z,ollama,local/qwen2.5:3b,judge,0,1,578,0,0,221,0.000000
2026-08-30T16:57:22+00:00,20260830T164602Z,ollama,local/qwen2.5:3b,judge,0,1,562,0,0,234,0.000000
2026-08-30T16:57:53+00:00,20260830T164602Z,ollama,local/qwen2.5:3b,judge,0,1,562,0,0,233,0.000000
2026-08-30T16:58:26+00:00,20260830T164602Z,ollama,local/qwen2.5:3b,judge,0,1,621,0,0,219,0.000000
2026-08-30T16:58:47+00:00,20260830T164602Z,ollama,local/qwen2.5:3b,judge,0,1,557,0,0,190,0.000000
2026-08-30T16:59:13+00:00,20260830T164602Z,ollama,local/qwen2.5:3b,judge,0,1,569,0,0,208,0.000000
2026-08-30T16:59:37+00:00,20260830T164602Z,ollama,local/qwen2.5:3b,judge,0,1,570,0,0,215,0.000000
2026-08-30T17:00:11+00:00,20260830T164602Z,ollama,local/qwen2.5:3b,judge,0,1,573,0,0,281,0.000000
2026-08-30T17:00:36+00:00,20260830T164602Z,ollama,local/qwen2.5:3b,judge,0,1,563,0,0,217,0.000000
2026-08-30T17:01:03+00:00,20260830T164602Z,ollama,local/qwen2.5:3b,judge,0,1,571,0,0,225,0.000000
2026-08-30T17:01:38+00:00,20260830T164602Z,ollama,local/qwen2.5:3b,judge,0,1,570,0,0,255,0.000000
2026-08-30T17:01:38+00:00,20260830T164602Z,ollama,local/qwen2.5:3b,judge,0,1,570,0,0,255,0.000000
2026-08-30T17:02:08+00:00,20260830T164602Z,ollama,local/qwen2.5:3b,judge,0,1,580,0,0,200,0.000000
2026-08-30T17:02:08+00:00,20260830T164602Z,ollama,local/qwen2.5:3b,judge,0,1,580,0,0,200,0.000000
2026-08-30T17:02:08+00:00,20260830T164602Z,ollama,local/qwen2.5:3b,judge,0,1,580,0,0,200,0.000000
2026-08-30T17:02:08+00:00,20260830T164602Z,ollama,local/qwen2.5:3b,judge,0,1,580,0,0,200,0.000000
2026-08-30T17:02:08+00:00,20260830T164602Z,ollama,local/qwen2.5:3b,judge,0,1,580,0,0,200,0.000000
2026-08-30T17:02:08+00:00,20260830T164602Z,ollama,local/qwen2.5:3b,judge,0,1,580,0,0,200,0.000000
2026-08-30T17:02:39+00:00,20260830T164602Z,ollama,local/qwen2.5:3b,judge,0,1,557,0,0,242,0.000000
2026-08-30T17:02:39+00:00,20260830T164602Z,ollama,local/qwen2.5:3b,judge,0,1,557,0,0,242,0.000000
2026-08-30T17:03:12+00:00,20260830T164602Z,ollama,local/qwen2.5:3b,judge,0,1,577,0,0,256,0.000000
2026-08-30T17:03:52+00:00,20260830T164602Z,ollama,local/qwen2.5:3b,judge,0,1,583,0,0,280,0.000000
2026-08-30T17:04:20+00:00,20260830T164602Z,ollama,local/qwen2.5:3b,judge,0,1,583,0,0,233,0.000000
2026-08-30T17:04:40+00:00,20260830T164602Z,ollama,local/qwen2.5:3b,judge,0,1,575,0,0,216,0.000000
2026-08-30T17:04:58+00:00,20260830T164602Z,ollama,local/qwen2.5:3b,judge,0,1,585,0,0,230,0.000000
2026-08-30T17:04:58+00:00,20260830T164602Z,ollama,local/qwen2.5:3b,judge,0,1,585,0,0,230,0.000000
2026-08-30T17:05:21+00:00,20260830T164602Z,ollama,local/qwen2.5:3b,judge,0,1,573,0,0,255,0.000000
2026-08-30T17:05:39+00:00,20260830T164602Z,ollama,local/qwen2.5:3b,judge,0,1,570,0,0,224,0.000000
2026-08-30T17:06:01+00:00,20260830T164602Z,ollama,local/qwen2.5:3b,judge,0,1,567,0,0,259,0.000000
2026-08-30T17:06:17+00:00,20260830T164602Z,ollama,local/qwen2.5:3b,judge,0,1,583,0,0,201,0.000000
2026-08-30T17:06:37+00:00,20260830T164602Z,ollama,local/qwen2.5:3b,judge,0,1,576,0,0,223,0.000000
2026-08-30T17:06:55+00:00,20260830T164602Z,ollama,local/qwen2.5:3b,judge,0,1,584,0,0,209,0.000000
2026-08-30T17:07:11+00:00,20260830T164602Z,ollama,local/qwen2.5:3b,judge,0,1,567,0,0,196,0.000000
2026-08-30T17:07:31+00:00,20260830T164602Z,ollama,local/qwen2.5:3b,judge,0,1,578,0,0,228,0.000000
2026-08-30T17:07:47+00:00,20260830T164602Z,ollama,local/qwen2.5:3b,judge,0,1,563,0,0,204,0.000000
2026-08-30T17:08:06+00:00,20260830T164602Z,ollama,local/qwen2.5:3b,judge,0,1,577,0,0,213,0.000000
2026-08-30T17:08:24+00:00,20260830T164602Z,ollama,local/qwen2.5:3b,judge,0,1,588,0,0,223,0.000000
2026-08-30T17:08:43+00:00,20260830T164602Z,ollama,local/qwen2.5:3b,judge,0,1,574,0,0,208,0.000000
2026-08-30T17:08:43+00:00,20260830T164602Z,ollama,local/qwen2.5:3b,judge,0,1,574,0,0,208,0.000000
2026-08-30T17:08:59+00:00,20260830T164602Z,ollama,local/qwen2.5:3b,judge,0,1,571,0,0,210,0.000000
2026-08-30T17:09:18+00:00,20260830T164602Z,ollama,local/qwen2.5:3b,judge,0,1,562,0,0,223,0.000000
2026-08-30T17:09:38+00:00,20260830T164602Z,ollama,local/qwen2.5:3b,judge,0,1,673,0,0,225,0.000000
2026-08-30T17:10:00+00:00,20260830T164602Z,ollama,local/qwen2.5:3b,judge,0,1,666,0,0,214,0.000000
2026-08-30T17:10:19+00:00,20260830T164602Z,ollama,local/qwen2.5:3b,judge,0,1,644,0,0,229,0.000000
2026-08-30T17:10:37+00:00,20260830T164602Z,ollama,local/qwen2.5:3b,judge,0,1,621,0,0,188,0.000000
2026-08-30T17:11:02+00:00,20260830T164602Z,ollama,local/qwen2.5:3b,judge,0,1,714,0,0,245,0.000000
2026-08-30T17:11:23+00:00,20260830T164602Z,ollama,local/qwen2.5:3b,judge,0,1,628,0,0,255,0.000000
2026-08-30T17:11:43+00:00,20260830T164602Z,ollama,local/qwen2.5:3b,judge,0,1,679,0,0,200,0.000000
2026-08-30T17:12:07+00:00,20260830T164602Z,ollama,local/qwen2.5:3b,judge,0,1,602,0,0,264,0.000000
2026-08-30T17:12:42+00:00,20260830T164602Z,ollama,local/qwen2.5:3b,judge,0,1,738,0,0,279,0.000000
2026-08-30T17:12:42+00:00,20260830T164602Z,ollama,local/qwen2.5:3b,judge,0,1,738,0,0,279,0.000000
2026-08-30T17:13:04+00:00,20260830T164602Z,ollama,local/qwen2.5:3b,judge,0,1,616,0,0,226,0.000000
2026-08-30T17:13:04+00:00,20260830T164602Z,ollama,local/qwen2.5:3b,judge,0,1,616,0,0,226,0.000000
2026-08-30T17:13:04+00:00,20260830T164602Z,ollama,local/qwen2.5:3b,judge,0,1,616,0,0,226,0.000000
2026-08-30T17:13:36+00:00,20260830T164602Z,ollama,local/qwen2.5:3b,judge,0,1,729,0,0,271,0.000000
2026-08-30T17:14:02+00:00,20260830T164602Z,ollama,local/qwen2.5:3b,judge,0,1,672,0,0,231,0.000000
2026-08-30T17:14:31+00:00,20260830T164602Z,ollama,local/qwen2.5:3b,judge,0,1,761,0,0,234,0.000000
2026-08-30T17:14:54+00:00,20260830T164602Z,ollama,local/qwen2.5:3b,judge,0,1,731,0,0,206,0.000000
2026-08-30T17:15:22+00:00,20260830T164602Z,ollama,local/qwen2.5:3b,judge,0,1,720,0,0,219,0.000000
2026-08-30T17:15:22+00:00,20260830T164602Z,ollama,local/qwen2.5:3b,judge,0,1,720,0,0,219,0.000000
2026-08-30T17:16:02+00:00,20260830T164602Z,ollama,local/qwen2.5:3b,judge,0,1,1085,0,0,231,0.000000
2026-08-30T17:16:26+00:00,20260830T164602Z,ollama,local/qwen2.5:3b,judge,0,1,676,0,0,200,0.000000
2026-08-30T17:16:53+00:00,20260830T164602Z,ollama,local/qwen2.5:3b,judge,0,1,681,0,0,229,0.000000
2026-08-30T17:17:18+00:00,20260830T164602Z,ollama,local/qwen2.5:3b,judge,0,1,669,0,0,211,0.000000
2026-08-30T17:17:42+00:00,20260830T164602Z,ollama,local/qwen2.5:3b,judge,0,1,683,0,0,228,0.000000
2026-08-30T17:17:42+00:00,20260830T164602Z,ollama,local/qwen2.5:3b,judge,0,1,683,0,0,228,0.000000
2026-08-30T17:18:09+00:00,20260830T164602Z,ollama,local/qwen2.5:3b,judge,0,1,657,0,0,236,0.000000
2026-08-30T17:18:37+00:00,20260830T164602Z,ollama,local/qwen2.5:3b,judge,0,1,636,0,0,248,0.000000
2026-08-30T17:19:06+00:00,20260830T164602Z,ollama,local/qwen2.5:3b,judge,0,1,670,0,0,244,0.000000
2026-08-30T17:19:31+00:00,20260830T164602Z,ollama,local/qwen2.5:3b,judge,0,1,651,0,0,229,0.000000
2026-08-30T17:20:00+00:00,20260830T164602Z,ollama,local/qwen2.5:3b,judge,0,1,640,0,0,269,0.000000
2026-08-30T17:20:00+00:00,20260830T164602Z,ollama,local/qwen2.5:3b,judge,0,1,640,0,0,269,0.000000
2026-08-30T17:20:00+00:00,20260830T164602Z,ollama,local/qwen2.5:3b,judge,0,1,640,0,0,269,0.000000
2026-08-30T17:20:25+00:00,20260830T164602Z,ollama,local/qwen2.5:3b,judge,0,1,656,0,0,223,0.000000
2026-08-30T17:20:25+00:00,20260830T164602Z,ollama,local/qwen2.5:3b,judge,0,1,656,0,0,223,0.000000
2026-08-30T17:20:51+00:00,20260830T164602Z,ollama,local/qwen2.5:3b,judge,0,1,687,0,0,218,0.000000
2026-08-30T17:21:12+00:00,20260830T164602Z,ollama,local/qwen2.5:3b,judge,0,1,635,0,0,202,0.000000
2026-08-30T17:21:35+00:00,20260830T164602Z,ollama,local/qwen2.5:3b,judge,0,1,636,0,0,192,0.000000
2026-08-30T17:21:35+00:00,20260830T164602Z,ollama,local/qwen2.5:3b,judge,0,1,636,0,0,192,0.000000
2026-08-30T17:21:57+00:00,20260830T164602Z,ollama,local/qwen2.5:3b,judge,0,1,620,0,0,197,0.000000
2026-08-30T17:22:32+00:00,20260830T164602Z,ollama,local/qwen2.5:3b,judge,0,1,630,0,0,323,0.000000
2026-08-30T17:22:55+00:00,20260830T164602Z,ollama,local/qwen2.5:3b,judge,0,1,629,0,0,218,0.000000
2026-08-30T17:23:23+00:00,20260830T164602Z,ollama,local/qwen2.5:3b,judge,0,1,662,0,0,294,0.000000
2026-08-30T17:23:44+00:00,20260830T164602Z,ollama,local/qwen2.5:3b,judge,0,1,650,0,0,216,0.000000
2026-08-30T17:24:04+00:00,20260830T164602Z,ollama,local/qwen2.5:3b,judge,0,1,630,0,0,247,0.000000
2026-08-30T17:24:36+00:00,20260830T164602Z,ollama,local/qwen2.5:3b,judge,0,1,953,0,0,252,0.000000
2026-08-30T17:25:01+00:00,20260830T164602Z,ollama,local/qwen2.5:3b,judge,0,1,704,0,0,239,0.000000
2026-08-30T17:25:26+00:00,20260830T164602Z,ollama,local/qwen2.5:3b,judge,0,1,673,0,0,257,0.000000
2026-08-30T17:25:49+00:00,20260830T164602Z,ollama,local/qwen2.5:3b,judge,0,1,760,0,0,229,0.000000
2026-08-30T17:26:11+00:00,20260830T164602Z,ollama,local/qwen2.5:3b,judge,0,1,663,0,0,216,0.000000
2026-08-30T17:26:37+00:00,20260830T164602Z,ollama,local/qwen2.5:3b,judge,0,1,766,0,0,223,0.000000
2026-08-30T17:26:59+00:00,20260830T164602Z,ollama,local/qwen2.5:3b,judge,0,1,802,0,0,214,0.000000
2026-08-30T17:27:26+00:00,20260830T164602Z,ollama,local/qwen2.5:3b,judge,0,1,652,0,0,279,0.000000
2026-08-30T17:27:26+00:00,20260830T164602Z,ollama,local/qwen2.5:3b,judge,0,1,652,0,0,279,0.000000
2026-08-30T17:27:50+00:00,20260830T164602Z,ollama,local/qwen2.5:3b,judge,0,1,643,0,0,246,0.000000
2026-08-30T17:28:13+00:00,20260830T164602Z,ollama,local/qwen2.5:3b,judge,0,1,661,0,0,222,0.000000
2026-08-30T17:28:35+00:00,20260830T164602Z,ollama,local/qwen2.5:3b,judge,0,1,699,0,0,240,0.000000
2026-08-30T17:29:33+00:00,20260830T164602Z,ollama,local/qwen2.5:3b,judge,0,1,1769,0,0,237,0.000000
2026-08-30T17:29:57+00:00,20260830T164602Z,ollama,local/qwen2.5:3b,judge,0,1,629,0,0,232,0.000000
2026-08-30T17:30:19+00:00,20260830T164602Z,ollama,local/qwen2.5:3b,judge,0,1,709,0,0,217,0.000000
2026-08-30T17:30:52+00:00,20260830T164602Z,ollama,local/qwen2.5:3b,judge,0,1,902,0,0,249,0.000000
2026-08-30T17:31:15+00:00,20260830T164602Z,ollama,local/qwen2.5:3b,judge,0,1,611,0,0,220,0.000000
2026-08-30T17:31:33+00:00,20260830T164602Z,ollama,local/qwen2.5:3b,judge,0,1,658,0,0,204,0.000000
2026-08-30T17:32:22+00:00,20260830T164602Z,ollama,local/qwen2.5:3b,judge,0,1,1282,0,0,262,0.000000
2026-08-30T17:32:49+00:00,20260830T164602Z,ollama,local/qwen2.5:3b,judge,0,1,631,0,0,230,0.000000
2026-08-30T17:33:16+00:00,20260830T164602Z,ollama,local/qwen2.5:3b,judge,0,1,672,0,0,238,0.000000
2026-08-30T17:33:45+00:00,20260830T164602Z,ollama,local/qwen2.5:3b,judge,0,1,631,0,0,234,0.000000
2026-08-30T17:34:11+00:00,20260830T164602Z,ollama,local/qwen2.5:3b,judge,0,1,633,0,0,217,0.000000
2026-08-30T17:34:38+00:00,20260830T164602Z,ollama,local/qwen2.5:3b,judge,0,1,618,0,0,232,0.000000
2026-08-30T17:35:06+00:00,20260830T164602Z,ollama,local/qwen2.5:3b,judge,0,1,703,0,0,212,0.000000
2026-08-30T17:35:34+00:00,20260830T164602Z,ollama,local/qwen2.5:3b,judge,0,1,702,0,0,224,0.000000
2026-08-30T17:35:34+00:00,20260830T164602Z,ollama,local/qwen2.5:3b,judge,0,1,702,0,0,224,0.000000
2026-08-30T17:36:01+00:00,20260830T164602Z,ollama,local/qwen2.5:3b,judge,0,1,679,0,0,226,0.000000
2026-08-30T17:36:01+00:00,20260830T164602Z,ollama,local/qwen2.5:3b,judge,0,1,679,0,0,226,0.000000
2026-08-30T17:36:01+00:00,20260830T164602Z,ollama,local/qwen2.5:3b,judge,0,1,679,0,0,226,0.000000
2026-08-30T17:36:01+00:00,20260830T164602Z,ollama,local/qwen2.5:3b,judge,0,1,679,0,0,226,0.000000
2026-08-30T17:36:01+00:00,20260830T164602Z,ollama,local/qwen2.5:3b,judge,0,1,679,0,0,226,0.000000
2026-08-30T17:36:01+00:00,20260830T164602Z,ollama,local/qwen2.5:3b,judge,0,1,679,0,0,226,0.000000
2026-08-30T17:36:26+00:00,20260830T164602Z,ollama,local/qwen2.5:3b,judge,0,1,656,0,0,234,0.000000
2026-08-30T17:36:26+00:00,20260830T164602Z,ollama,local/qwen2.5:3b,judge,0,1,656,0,0,234,0.000000
2026-08-30T17:36:54+00:00,20260830T164602Z,ollama,local/qwen2.5:3b,judge,0,1,629,0,0,249,0.000000
2026-08-30T17:37:22+00:00,20260830T164602Z,ollama,local/qwen2.5:3b,judge,0,1,686,0,0,234,0.000000
2026-08-30T17:37:50+00:00,20260830T164602Z,ollama,local/qwen2.5:3b,judge,0,1,763,0,0,227,0.000000
2026-08-30T17:38:15+00:00,20260830T164602Z,ollama,local/qwen2.5:3b,judge,0,1,725,0,0,200,0.000000
2026-08-30T17:38:40+00:00,20260830T164602Z,ollama,local/qwen2.5:3b,judge,0,1,651,0,0,213,0.000000
2026-08-30T17:38:40+00:00,20260830T164602Z,ollama,local/qwen2.5:3b,judge,0,1,651,0,0,213,0.000000
2026-08-30T17:39:03+00:00,20260830T164602Z,ollama,local/qwen2.5:3b,judge,0,1,634,0,0,198,0.000000
2026-08-30T17:39:26+00:00,20260830T164602Z,ollama,local/qwen2.5:3b,judge,0,1,664,0,0,213,0.000000
2026-08-30T17:39:52+00:00,20260830T164602Z,ollama,local/qwen2.5:3b,judge,0,1,641,0,0,231,0.000000
2026-08-30T17:40:18+00:00,20260830T164602Z,ollama,local/qwen2.5:3b,judge,0,1,748,0,0,223,0.000000
2026-08-30T17:40:42+00:00,20260830T164602Z,ollama,local/qwen2.5:3b,judge,0,1,676,0,0,276,0.000000
2026-08-30T17:41:10+00:00,20260830T164602Z,ollama,local/qwen2.5:3b,judge,0,1,811,0,0,263,0.000000
2026-08-30T17:41:35+00:00,20260830T164602Z,ollama,local/qwen2.5:3b,judge,0,1,683,0,0,259,0.000000
2026-08-30T17:42:12+00:00,20260830T164602Z,ollama,local/qwen2.5:3b,judge,0,1,1013,0,0,301,0.000000
2026-08-30T17:42:35+00:00,20260830T164602Z,ollama,local/qwen2.5:3b,judge,0,1,998,0,0,269,0.000000
2026-08-30T17:42:56+00:00,20260830T164602Z,ollama,local/qwen2.5:3b,judge,0,1,751,0,0,206,0.000000
2026-08-30T17:43:25+00:00,20260830T164602Z,ollama,local/qwen2.5:3b,judge,0,1,842,0,0,260,0.000000
2026-08-30T17:43:47+00:00,20260830T164602Z,ollama,local/qwen2.5:3b,judge,0,1,640,0,0,234,0.000000
2026-08-30T17:43:47+00:00,20260830T164602Z,ollama,local/qwen2.5:3b,judge,0,1,640,0,0,234,0.000000
2026-08-30T17:44:16+00:00,20260830T164602Z,ollama,local/qwen2.5:3b,judge,0,1,726,0,0,253,0.000000
2026-08-30T17:44:38+00:00,20260830T164602Z,ollama,local/qwen2.5:3b,judge,0,1,750,0,0,192,0.000000
2026-08-30T17:46:12+00:00,20260830T174612Z,ollama,local/qwen2.5:3b,judge,0,1,574,0,0,198,0.000000
2026-08-30T17:46:12+00:00,20260830T174612Z,ollama,local/qwen2.5:3b,judge,0,1,560,0,0,271,0.000000
2026-08-30T17:46:12+00:00,20260830T174612Z,ollama,local/qwen2.5:3b,judge,0,1,559,0,0,204,0.000000
2026-08-30T17:46:12+00:00,20260830T174612Z,ollama,local/qwen2.5:3b,judge,0,1,556,0,0,233,0.000000
2026-08-30T17:46:12+00:00,20260830T174612Z,ollama,local/qwen2.5:3b,judge,0,1,580,0,0,214,0.000000
2026-08-30T17:46:12+00:00,20260830T174612Z,ollama,local/qwen2.5:3b,judge,0,1,563,0,0,213,0.000000
2026-08-30T17:46:12+00:00,20260830T174612Z,ollama,local/qwen2.5:3b,judge,0,1,583,0,0,235,0.000000
2026-08-30T17:46:12+00:00,20260830T174612Z,ollama,local/qwen2.5:3b,judge,0,1,553,0,0,217,0.000000
2026-08-30T17:46:12+00:00,20260830T174612Z,ollama,local/qwen2.5:3b,judge,0,1,587,0,0,207,0.000000
2026-08-30T17:46:12+00:00,20260830T174612Z,ollama,local/qwen2.5:3b,judge,0,1,587,0,0,207,0.000000
2026-08-30T17:46:12+00:00,20260830T174612Z,ollama,local/qwen2.5:3b,judge,0,1,557,0,0,201,0.000000
2026-08-30T17:46:12+00:00,20260830T174612Z,ollama,local/qwen2.5:3b,judge,0,1,557,0,0,201,0.000000
2026-08-30T17:46:12+00:00,20260830T174612Z,ollama,local/qwen2.5:3b,judge,0,1,557,0,0,201,0.000000
2026-08-30T17:46:12+00:00,20260830T174612Z,ollama,local/qwen2.5:3b,judge,0,1,568,0,0,243,0.000000
2026-08-30T17:46:12+00:00,20260830T174612Z,ollama,local/qwen2.5:3b,judge,0,1,575,0,0,263,0.000000
2026-08-30T17:46:12+00:00,20260830T174612Z,ollama,local/qwen2.5:3b,judge,0,1,582,0,0,220,0.000000
2026-08-30T17:46:12+00:00,20260830T174612Z,ollama,local/qwen2.5:3b,judge,0,1,581,0,0,257,0.000000
2026-08-30T17:46:12+00:00,20260830T174612Z,ollama,local/qwen2.5:3b,judge,0,1,602,0,0,240,0.000000
2026-08-30T17:46:12+00:00,20260830T174612Z,ollama,local/qwen2.5:3b,judge,0,1,602,0,0,240,0.000000
2026-08-30T17:46:12+00:00,20260830T174612Z,ollama,local/qwen2.5:3b,judge,0,1,579,0,0,227,0.000000
2026-08-30T17:46:12+00:00,20260830T174612Z,ollama,local/qwen2.5:3b,judge,0,1,576,0,0,190,0.000000
2026-08-30T17:46:12+00:00,20260830T174612Z,ollama,local/qwen2.5:3b,judge,0,1,562,0,0,191,0.000000
2026-08-30T17:46:12+00:00,20260830T174612Z,ollama,local/qwen2.5:3b,judge,0,1,563,0,0,244,0.000000
2026-08-30T17:46:12+00:00,20260830T174612Z,ollama,local/qwen2.5:3b,judge,0,1,585,0,0,197,0.000000
2026-08-30T17:46:12+00:00,20260830T174612Z,ollama,local/qwen2.5:3b,judge,0,1,585,0,0,197,0.000000
2026-08-30T17:46:12+00:00,20260830T174612Z,ollama,local/qwen2.5:3b,judge,0,1,558,0,0,215,0.000000
2026-08-30T17:46:12+00:00,20260830T174612Z,ollama,local/qwen2.5:3b,judge,0,1,553,0,0,221,0.000000
2026-08-30T17:46:12+00:00,20260830T174612Z,ollama,local/qwen2.5:3b,judge,0,1,567,0,0,203,0.000000
2026-08-30T17:46:12+00:00,20260830T174612Z,ollama,local/qwen2.5:3b,judge,0,1,572,0,0,262,0.000000
2026-08-30T17:46:12+00:00,20260830T174612Z,ollama,local/qwen2.5:3b,judge,0,1,566,0,0,215,0.000000
2026-08-30T17:46:12+00:00,20260830T174612Z,ollama,local/qwen2.5:3b,judge,0,1,566,0,0,215,0.000000
2026-08-30T17:46:12+00:00,20260830T174612Z,ollama,local/qwen2.5:3b,judge,0,1,566,0,0,215,0.000000
2026-08-30T17:46:12+00:00,20260830T174612Z,ollama,local/qwen2.5:3b,judge,0,1,564,0,0,216,0.000000
2026-08-30T17:46:12+00:00,20260830T174612Z,ollama,local/qwen2.5:3b,judge,0,1,564,0,0,216,0.000000
2026-08-30T17:46:12+00:00,20260830T174612Z,ollama,local/qwen2.5:3b,judge,0,1,585,0,0,225,0.000000
2026-08-30T17:46:12+00:00,20260830T174612Z,ollama,local/qwen2.5:3b,judge,0,1,567,0,0,228,0.000000
2026-08-30T17:46:12+00:00,20260830T174612Z,ollama,local/qwen2.5:3b,judge,0,1,580,0,0,272,0.000000
2026-08-30T17:46:12+00:00,20260830T174612Z,ollama,local/qwen2.5:3b,judge,0,1,580,0,0,272,0.000000
2026-08-30T17:46:12+00:00,20260830T174612Z,ollama,local/qwen2.5:3b,judge,0,1,557,0,0,183,0.000000
2026-08-30T17:46:12+00:00,20260830T174612Z,ollama,local/qwen2.5:3b,judge,0,1,573,0,0,216,0.000000
2026-08-30T17:46:12+00:00,20260830T174612Z,ollama,local/qwen2.5:3b,judge,0,1,558,0,0,278,0.000000
2026-08-30T17:46:12+00:00,20260830T174612Z,ollama,local/qwen2.5:3b,judge,0,1,558,0,0,203,0.000000
2026-08-30T17:46:12+00:00,20260830T174612Z,ollama,local/qwen2.5:3b,judge,0,1,564,0,0,221,0.000000
2026-08-30T17:46:12+00:00,20260830T174612Z,ollama,local/qwen2.5:3b,judge,0,1,577,0,0,285,0.000000
2026-08-30T17:46:12+00:00,20260830T174612Z,ollama,local/qwen2.5:3b,judge,0,1,577,0,0,198,0.000000
2026-08-30T17:46:12+00:00,20260830T174612Z,ollama,local/qwen2.5:3b,judge,0,1,582,0,0,272,0.000000
2026-08-30T17:46:12+00:00,20260830T174612Z,ollama,local/qwen2.5:3b,judge,0,1,578,0,0,220,0.000000
2026-08-30T17:46:12+00:00,20260830T174612Z,ollama,local/qwen2.5:3b,judge,0,1,561,0,0,240,0.000000
2026-08-30T17:46:12+00:00,20260830T174612Z,ollama,local/qwen2.5:3b,judge,0,1,571,0,0,229,0.000000
2026-08-30T17:46:12+00:00,20260830T174612Z,ollama,local/qwen2.5:3b,judge,0,1,595,0,0,230,0.000000
2026-08-30T17:46:12+00:00,20260830T174612Z,ollama,local/qwen2.5:3b,judge,0,1,554,0,0,307,0.000000
2026-08-30T17:46:12+00:00,20260830T174612Z,ollama,local/qwen2.5:3b,judge,0,1,573,0,0,208,0.000000
2026-08-30T17:46:12+00:00,20260830T174612Z,ollama,local/qwen2.5:3b,judge,0,1,573,0,0,208,0.000000
2026-08-30T17:46:12+00:00,20260830T174612Z,ollama,local/qwen2.5:3b,judge,0,1,558,0,0,208,0.000000
2026-08-30T17:46:12+00:00,20260830T174612Z,ollama,local/qwen2.5:3b,judge,0,1,568,0,0,235,0.000000
2026-08-30T17:46:12+00:00,20260830T174612Z,ollama,local/qwen2.5:3b,judge,0,1,577,0,0,221,0.000000
2026-08-30T17:46:12+00:00,20260830T174612Z,ollama,local/qwen2.5:3b,judge,0,1,572,0,0,209,0.000000
2026-08-30T17:46:12+00:00,20260830T174612Z,ollama,local/qwen2.5:3b,judge,0,1,562,0,0,203,0.000000
2026-08-30T17:46:12+00:00,20260830T174612Z,ollama,local/qwen2.5:3b,judge,0,1,584,0,0,220,0.000000
2026-08-30T17:46:12+00:00,20260830T174612Z,ollama,local/qwen2.5:3b,judge,0,1,578,0,0,221,0.000000
2026-08-30T17:46:12+00:00,20260830T174612Z,ollama,local/qwen2.5:3b,judge,0,1,562,0,0,234,0.000000
2026-08-30T17:46:12+00:00,20260830T174612Z,ollama,local/qwen2.5:3b,judge,0,1,562,0,0,233,0.000000
2026-08-30T17:46:12+00:00,20260830T174612Z,ollama,local/qwen2.5:3b,judge,0,1,621,0,0,219,0.000000
2026-08-30T17:46:12+00:00,20260830T174612Z,ollama,local/qwen2.5:3b,judge,0,1,557,0,0,190,0.000000
2026-08-30T17:46:12+00:00,20260830T174612Z,ollama,local/qwen2.5:3b,judge,0,1,569,0,0,208,0.000000
2026-08-30T17:46:12+00:00,20260830T174612Z,ollama,local/qwen2.5:3b,judge,0,1,570,0,0,215,0.000000
2026-08-30T17:46:12+00:00,20260830T174612Z,ollama,local/qwen2.5:3b,judge,0,1,573,0,0,281,0.000000
2026-08-30T17:46:12+00:00,20260830T174612Z,ollama,local/qwen2.5:3b,judge,0,1,563,0,0,217,0.000000
2026-08-30T17:46:12+00:00,20260830T174612Z,ollama,local/qwen2.5:3b,judge,0,1,571,0,0,225,0.000000
2026-08-30T17:46:12+00:00,20260830T174612Z,ollama,local/qwen2.5:3b,judge,0,1,570,0,0,255,0.000000
2026-08-30T17:46:12+00:00,20260830T174612Z,ollama,local/qwen2.5:3b,judge,0,1,570,0,0,255,0.000000
2026-08-30T17:46:12+00:00,20260830T174612Z,ollama,local/qwen2.5:3b,judge,0,1,580,0,0,200,0.000000
2026-08-30T17:46:12+00:00,20260830T174612Z,ollama,local/qwen2.5:3b,judge,0,1,580,0,0,200,0.000000
2026-08-30T17:46:12+00:00,20260830T174612Z,ollama,local/qwen2.5:3b,judge,0,1,580,0,0,200,0.000000
2026-08-30T17:46:12+00:00,20260830T174612Z,ollama,local/qwen2.5:3b,judge,0,1,580,0,0,200,0.000000
2026-08-30T17:46:12+00:00,20260830T174612Z,ollama,local/qwen2.5:3b,judge,0,1,580,0,0,200,0.000000
2026-08-30T17:46:12+00:00,20260830T174612Z,ollama,local/qwen2.5:3b,judge,0,1,580,0,0,200,0.000000
2026-08-30T17:46:12+00:00,20260830T174612Z,ollama,local/qwen2.5:3b,judge,0,1,557,0,0,242,0.000000
2026-08-30T17:46:12+00:00,20260830T174612Z,ollama,local/qwen2.5:3b,judge,0,1,557,0,0,242,0.000000
2026-08-30T17:46:12+00:00,20260830T174612Z,ollama,local/qwen2.5:3b,judge,0,1,577,0,0,256,0.000000
2026-08-30T17:46:12+00:00,20260830T174612Z,ollama,local/qwen2.5:3b,judge,0,1,583,0,0,280,0.000000
2026-08-30T17:46:12+00:00,20260830T174612Z,ollama,local/qwen2.5:3b,judge,0,1,583,0,0,233,0.000000
2026-08-30T17:46:12+00:00,20260830T174612Z,ollama,local/qwen2.5:3b,judge,0,1,575,0,0,216,0.000000
2026-08-30T17:46:12+00:00,20260830T174612Z,ollama,local/qwen2.5:3b,judge,0,1,585,0,0,230,0.000000
2026-08-30T17:46:12+00:00,20260830T174612Z,ollama,local/qwen2.5:3b,judge,0,1,585,0,0,230,0.000000
2026-08-30T17:46:12+00:00,20260830T174612Z,ollama,local/qwen2.5:3b,judge,0,1,573,0,0,255,0.000000
2026-08-30T17:46:12+00:00,20260830T174612Z,ollama,local/qwen2.5:3b,judge,0,1,570,0,0,224,0.000000
2026-08-30T17:46:12+00:00,20260830T174612Z,ollama,local/qwen2.5:3b,judge,0,1,567,0,0,259,0.000000
2026-08-30T17:46:12+00:00,20260830T174612Z,ollama,local/qwen2.5:3b,judge,0,1,583,0,0,201,0.000000
2026-08-30T17:46:12+00:00,20260830T174612Z,ollama,local/qwen2.5:3b,judge,0,1,576,0,0,223,0.000000
2026-08-30T17:46:12+00:00,20260830T174612Z,ollama,local/qwen2.5:3b,judge,0,1,584,0,0,209,0.000000
2026-08-30T17:46:12+00:00,20260830T174612Z,ollama,local/qwen2.5:3b,judge,0,1,567,0,0,196,0.000000
2026-08-30T17:46:12+00:00,20260830T174612Z,ollama,local/qwen2.5:3b,judge,0,1,578,0,0,228,0.000000
2026-08-30T17:46:12+00:00,20260830T174612Z,ollama,local/qwen2.5:3b,judge,0,1,563,0,0,204,0.000000
2026-08-30T17:46:12+00:00,20260830T174612Z,ollama,local/qwen2.5:3b,judge,0,1,577,0,0,213,0.000000
2026-08-30T17:46:12+00:00,20260830T174612Z,ollama,local/qwen2.5:3b,judge,0,1,588,0,0,223,0.000000
2026-08-30T17:46:12+00:00,20260830T174612Z,ollama,local/qwen2.5:3b,judge,0,1,574,0,0,208,0.000000
2026-08-30T17:46:12+00:00,20260830T174612Z,ollama,local/qwen2.5:3b,judge,0,1,574,0,0,208,0.000000
2026-08-30T17:46:12+00:00,20260830T174612Z,ollama,local/qwen2.5:3b,judge,0,1,571,0,0,210,0.000000
2026-08-30T17:46:12+00:00,20260830T174612Z,ollama,local/qwen2.5:3b,judge,0,1,562,0,0,223,0.000000
2026-08-30T17:46:12+00:00,20260830T174612Z,ollama,local/qwen2.5:3b,judge,0,1,673,0,0,225,0.000000
2026-08-30T17:46:12+00:00,20260830T174612Z,ollama,local/qwen2.5:3b,judge,0,1,666,0,0,214,0.000000
2026-08-30T17:46:12+00:00,20260830T174612Z,ollama,local/qwen2.5:3b,judge,0,1,644,0,0,229,0.000000
2026-08-30T17:46:12+00:00,20260830T174612Z,ollama,local/qwen2.5:3b,judge,0,1,621,0,0,188,0.000000
2026-08-30T17:46:12+00:00,20260830T174612Z,ollama,local/qwen2.5:3b,judge,0,1,714,0,0,245,0.000000
2026-08-30T17:46:12+00:00,20260830T174612Z,ollama,local/qwen2.5:3b,judge,0,1,628,0,0,255,0.000000
2026-08-30T17:46:12+00:00,20260830T174612Z,ollama,local/qwen2.5:3b,judge,0,1,679,0,0,200,0.000000
2026-08-30T17:46:12+00:00,20260830T174612Z,ollama,local/qwen2.5:3b,judge,0,1,602,0,0,264,0.000000
2026-08-30T17:46:12+00:00,20260830T174612Z,ollama,local/qwen2.5:3b,judge,0,1,738,0,0,279,0.000000
2026-08-30T17:46:12+00:00,20260830T174612Z,ollama,local/qwen2.5:3b,judge,0,1,738,0,0,279,0.000000
2026-08-30T17:46:12+00:00,20260830T174612Z,ollama,local/qwen2.5:3b,judge,0,1,616,0,0,226,0.000000
2026-08-30T17:46:12+00:00,20260830T174612Z,ollama,local/qwen2.5:3b,judge,0,1,616,0,0,226,0.000000
2026-08-30T17:46:12+00:00,20260830T174612Z,ollama,local/qwen2.5:3b,judge,0,1,616,0,0,226,0.000000
2026-08-30T17:46:12+00:00,20260830T174612Z,ollama,local/qwen2.5:3b,judge,0,1,729,0,0,271,0.000000
2026-08-30T17:46:12+00:00,20260830T174612Z,ollama,local/qwen2.5:3b,judge,0,1,672,0,0,231,0.000000
2026-08-30T17:46:12+00:00,20260830T174612Z,ollama,local/qwen2.5:3b,judge,0,1,761,0,0,234,0.000000
2026-08-30T17:46:12+00:00,20260830T174612Z,ollama,local/qwen2.5:3b,judge,0,1,731,0,0,206,0.000000
2026-08-30T17:46:12+00:00,20260830T174612Z,ollama,local/qwen2.5:3b,judge,0,1,720,0,0,219,0.000000
2026-08-30T17:46:12+00:00,20260830T174612Z,ollama,local/qwen2.5:3b,judge,0,1,720,0,0,219,0.000000
2026-08-30T17:46:12+00:00,20260830T174612Z,ollama,local/qwen2.5:3b,judge,0,1,1085,0,0,231,0.000000
2026-08-30T17:46:12+00:00,20260830T174612Z,ollama,local/qwen2.5:3b,judge,0,1,676,0,0,200,0.000000
2026-08-30T17:46:12+00:00,20260830T174612Z,ollama,local/qwen2.5:3b,judge,0,1,681,0,0,229,0.000000
2026-08-30T17:46:12+00:00,20260830T174612Z,ollama,local/qwen2.5:3b,judge,0,1,669,0,0,211,0.000000
2026-08-30T17:46:12+00:00,20260830T174612Z,ollama,local/qwen2.5:3b,judge,0,1,683,0,0,228,0.000000
2026-08-30T17:46:12+00:00,20260830T174612Z,ollama,local/qwen2.5:3b,judge,0,1,683,0,0,228,0.000000
2026-08-30T17:46:12+00:00,20260830T174612Z,ollama,local/qwen2.5:3b,judge,0,1,657,0,0,236,0.000000
2026-08-30T17:46:12+00:00,20260830T174612Z,ollama,local/qwen2.5:3b,judge,0,1,636,0,0,248,0.000000
2026-08-30T17:46:12+00:00,20260830T174612Z,ollama,local/qwen2.5:3b,judge,0,1,670,0,0,244,0.000000
2026-08-30T17:46:12+00:00,20260830T174612Z,ollama,local/qwen2.5:3b,judge,0,1,651,0,0,229,0.000000
2026-08-30T17:46:12+00:00,20260830T174612Z,ollama,local/qwen2.5:3b,judge,0,1,640,0,0,269,0.000000
2026-08-30T17:46:12+00:00,20260830T174612Z,ollama,local/qwen2.5:3b,judge,0,1,640,0,0,269,0.000000
2026-08-30T17:46:12+00:00,20260830T174612Z,ollama,local/qwen2.5:3b,judge,0,1,640,0,0,269,0.000000
2026-08-30T17:46:12+00:00,20260830T174612Z,ollama,local/qwen2.5:3b,judge,0,1,656,0,0,223,0.000000
2026-08-30T17:46:12+00:00,20260830T174612Z,ollama,local/qwen2.5:3b,judge,0,1,656,0,0,223,0.000000
2026-08-30T17:46:12+00:00,20260830T174612Z,ollama,local/qwen2.5:3b,judge,0,1,687,0,0,218,0.000000
2026-08-30T17:46:12+00:00,20260830T174612Z,ollama,local/qwen2.5:3b,judge,0,1,635,0,0,202,0.000000
2026-08-30T17:46:12+00:00,20260830T174612Z,ollama,local/qwen2.5:3b,judge,0,1,636,0,0,192,0.000000
2026-08-30T17:46:12+00:00,20260830T174612Z,ollama,local/qwen2.5:3b,judge,0,1,636,0,0,192,0.000000
2026-08-30T17:46:12+00:00,20260830T174612Z,ollama,local/qwen2.5:3b,judge,0,1,620,0,0,197,0.000000
2026-08-30T17:46:12+00:00,20260830T174612Z,ollama,local/qwen2.5:3b,judge,0,1,630,0,0,323,0.000000
2026-08-30T17:46:12+00:00,20260830T174612Z,ollama,local/qwen2.5:3b,judge,0,1,629,0,0,218,0.000000
2026-08-30T17:46:12+00:00,20260830T174612Z,ollama,local/qwen2.5:3b,judge,0,1,662,0,0,294,0.000000
2026-08-30T17:46:12+00:00,20260830T174612Z,ollama,local/qwen2.5:3b,judge,0,1,650,0,0,216,0.000000
2026-08-30T17:46:12+00:00,20260830T174612Z,ollama,local/qwen2.5:3b,judge,0,1,630,0,0,247,0.000000
2026-08-30T17:46:12+00:00,20260830T174612Z,ollama,local/qwen2.5:3b,judge,0,1,953,0,0,252,0.000000
2026-08-30T17:46:12+00:00,20260830T174612Z,ollama,local/qwen2.5:3b,judge,0,1,704,0,0,239,0.000000
2026-08-30T17:46:12+00:00,20260830T174612Z,ollama,local/qwen2.5:3b,judge,0,1,673,0,0,257,0.000000
2026-08-30T17:46:12+00:00,20260830T174612Z,ollama,local/qwen2.5:3b,judge,0,1,760,0,0,229,0.000000
2026-08-30T17:46:12+00:00,20260830T174612Z,ollama,local/qwen2.5:3b,judge,0,1,663,0,0,216,0.000000
2026-08-30T17:46:12+00:00,20260830T174612Z,ollama,local/qwen2.5:3b,judge,0,1,766,0,0,223,0.000000
2026-08-30T17:46:12+00:00,20260830T174612Z,ollama,local/qwen2.5:3b,judge,0,1,802,0,0,214,0.000000
2026-08-30T17:46:12+00:00,20260830T174612Z,ollama,local/qwen2.5:3b,judge,0,1,652,0,0,279,0.000000
2026-08-30T17:46:12+00:00,20260830T174612Z,ollama,local/qwen2.5:3b,judge,0,1,652,0,0,279,0.000000
2026-08-30T17:46:12+00:00,20260830T174612Z,ollama,local/qwen2.5:3b,judge,0,1,643,0,0,246,0.000000
2026-08-30T17:46:12+00:00,20260830T174612Z,ollama,local/qwen2.5:3b,judge,0,1,661,0,0,222,0.000000
2026-08-30T17:46:12+00:00,20260830T174612Z,ollama,local/qwen2.5:3b,judge,0,1,699,0,0,240,0.000000
2026-08-30T17:46:12+00:00,20260830T174612Z,ollama,local/qwen2.5:3b,judge,0,1,1769,0,0,237,0.000000
2026-08-30T17:46:12+00:00,20260830T174612Z,ollama,local/qwen2.5:3b,judge,0,1,629,0,0,232,0.000000
2026-08-30T17:46:12+00:00,20260830T174612Z,ollama,local/qwen2.5:3b,judge,0,1,709,0,0,217,0.000000
2026-08-30T17:46:12+00:00,20260830T174612Z,ollama,local/qwen2.5:3b,judge,0,1,902,0,0,249,0.000000
2026-08-30T17:46:12+00:00,20260830T174612Z,ollama,local/qwen2.5:3b,judge,0,1,611,0,0,220,0.000000
2026-08-30T17:46:12+00:00,20260830T174612Z,ollama,local/qwen2.5:3b,judge,0,1,658,0,0,204,0.000000
2026-08-30T17:46:12+00:00,20260830T174612Z,ollama,local/qwen2.5:3b,judge,0,1,1282,0,0,262,0.000000
2026-08-30T17:46:12+00:00,20260830T174612Z,ollama,local/qwen2.5:3b,judge,0,1,631,0,0,230,0.000000
2026-08-30T17:46:12+00:00,20260830T174612Z,ollama,local/qwen2.5:3b,judge,0,1,672,0,0,238,0.000000
2026-08-30T17:46:12+00:00,20260830T174612Z,ollama,local/qwen2.5:3b,judge,0,1,631,0,0,234,0.000000
2026-08-30T17:46:12+00:00,20260830T174612Z,ollama,local/qwen2.5:3b,judge,0,1,633,0,0,217,0.000000
2026-08-30T17:46:12+00:00,20260830T174612Z,ollama,local/qwen2.5:3b,judge,0,1,618,0,0,232,0.000000
2026-08-30T17:46:12+00:00,20260830T174612Z,ollama,local/qwen2.5:3b,judge,0,1,703,0,0,212,0.000000
2026-08-30T17:46:12+00:00,20260830T174612Z,ollama,local/qwen2.5:3b,judge,0,1,702,0,0,224,0.000000
2026-08-30T17:46:12+00:00,20260830T174612Z,ollama,local/qwen2.5:3b,judge,0,1,702,0,0,224,0.000000
2026-08-30T17:46:12+00:00,20260830T174612Z,ollama,local/qwen2.5:3b,judge,0,1,679,0,0,226,0.000000
2026-08-30T17:46:12+00:00,20260830T174612Z,ollama,local/qwen2.5:3b,judge,0,1,679,0,0,226,0.000000
2026-08-30T17:46:12+00:00,20260830T174612Z,ollama,local/qwen2.5:3b,judge,0,1,679,0,0,226,0.000000
2026-08-30T17:46:12+00:00,20260830T174612Z,ollama,local/qwen2.5:3b,judge,0,1,679,0,0,226,0.000000
2026-08-30T17:46:12+00:00,20260830T174612Z,ollama,local/qwen2.5:3b,judge,0,1,679,0,0,226,0.000000
2026-08-30T17:46:12+00:00,20260830T174612Z,ollama,local/qwen2.5:3b,judge,0,1,679,0,0,226,0.000000
2026-08-30T17:46:12+00:00,20260830T174612Z,ollama,local/qwen2.5:3b,judge,0,1,656,0,0,234,0.000000
2026-08-30T17:46:12+00:00,20260830T174612Z,ollama,local/qwen2.5:3b,judge,0,1,656,0,0,234,0.000000
2026-08-30T17:46:12+00:00,20260830T174612Z,ollama,local/qwen2.5:3b,judge,0,1,629,0,0,249,0.000000
2026-08-30T17:46:12+00:00,20260830T174612Z,ollama,local/qwen2.5:3b,judge,0,1,686,0,0,234,0.000000
2026-08-30T17:46:12+00:00,20260830T174612Z,ollama,local/qwen2.5:3b,judge,0,1,763,0,0,227,0.000000
2026-08-30T17:46:12+00:00,20260830T174612Z,ollama,local/qwen2.5:3b,judge,0,1,725,0,0,200,0.000000
2026-08-30T17:46:12+00:00,20260830T174612Z,ollama,local/qwen2.5:3b,judge,0,1,651,0,0,213,0.000000
2026-08-30T17:46:12+00:00,20260830T174612Z,ollama,local/qwen2.5:3b,judge,0,1,651,0,0,213,0.000000
2026-08-30T17:46:12+00:00,20260830T174612Z,ollama,local/qwen2.5:3b,judge,0,1,634,0,0,198,0.000000
2026-08-30T17:46:12+00:00,20260830T174612Z,ollama,local/qwen2.5:3b,judge,0,1,664,0,0,213,0.000000
2026-08-30T17:46:12+00:00,20260830T174612Z,ollama,local/qwen2.5:3b,judge,0,1,641,0,0,231,0.000000
2026-08-30T17:46:12+00:00,20260830T174612Z,ollama,local/qwen2.5:3b,judge,0,1,748,0,0,223,0.000000
2026-08-30T17:46:12+00:00,20260830T174612Z,ollama,local/qwen2.5:3b,judge,0,1,676,0,0,276,0.000000
2026-08-30T17:46:12+00:00,20260830T174612Z,ollama,local/qwen2.5:3b,judge,0,1,811,0,0,263,0.000000
2026-08-30T17:46:12+00:00,20260830T174612Z,ollama,local/qwen2.5:3b,judge,0,1,683,0,0,259,0.000000
2026-08-30T17:46:12+00:00,20260830T174612Z,ollama,local/qwen2.5:3b,judge,0,1,1013,0,0,301,0.000000
2026-08-30T17:46:12+00:00,20260830T174612Z,ollama,local/qwen2.5:3b,judge,0,1,998,0,0,269,0.000000
2026-08-30T17:46:12+00:00,20260830T174612Z,ollama,local/qwen2.5:3b,judge,0,1,751,0,0,206,0.000000
2026-08-30T17:46:12+00:00,20260830T174612Z,ollama,local/qwen2.5:3b,judge,0,1,842,0,0,260,0.000000
2026-08-30T17:46:12+00:00,20260830T174612Z,ollama,local/qwen2.5:3b,judge,0,1,640,0,0,234,0.000000
2026-08-30T17:46:12+00:00,20260830T174612Z,ollama,local/qwen2.5:3b,judge,0,1,640,0,0,234,0.000000
2026-08-30T17:46:12+00:00,20260830T174612Z,ollama,local/qwen2.5:3b,judge,0,1,726,0,0,253,0.000000
2026-08-30T17:46:12+00:00,20260830T174612Z,ollama,local/qwen2.5:3b,judge,0,1,750,0,0,192,0.000000
2026-08-30T17:46:35+00:00,20260830T174635Z,ollama,local/qwen2.5:3b,judge,0,1,574,0,0,198,0.000000
2026-08-30T17:46:35+00:00,20260830T174635Z,ollama,local/qwen2.5:3b,judge,0,1,560,0,0,271,0.000000
2026-08-30T17:46:35+00:00,20260830T174635Z,ollama,local/qwen2.5:3b,judge,0,1,559,0,0,204,0.000000
2026-08-30T17:46:35+00:00,20260830T174635Z,ollama,local/qwen2.5:3b,judge,0,1,556,0,0,233,0.000000
2026-08-30T17:46:35+00:00,20260830T174635Z,ollama,local/qwen2.5:3b,judge,0,1,580,0,0,214,0.000000
2026-08-30T17:46:35+00:00,20260830T174635Z,ollama,local/qwen2.5:3b,judge,0,1,563,0,0,213,0.000000
2026-08-30T17:46:35+00:00,20260830T174635Z,ollama,local/qwen2.5:3b,judge,0,1,583,0,0,235,0.000000
2026-08-30T17:46:35+00:00,20260830T174635Z,ollama,local/qwen2.5:3b,judge,0,1,553,0,0,217,0.000000
2026-08-30T17:46:35+00:00,20260830T174635Z,ollama,local/qwen2.5:3b,judge,0,1,587,0,0,207,0.000000
2026-08-30T17:46:35+00:00,20260830T174635Z,ollama,local/qwen2.5:3b,judge,0,1,587,0,0,207,0.000000
2026-08-30T17:46:35+00:00,20260830T174635Z,ollama,local/qwen2.5:3b,judge,0,1,557,0,0,201,0.000000
2026-08-30T17:46:35+00:00,20260830T174635Z,ollama,local/qwen2.5:3b,judge,0,1,557,0,0,201,0.000000
2026-08-30T17:46:35+00:00,20260830T174635Z,ollama,local/qwen2.5:3b,judge,0,1,557,0,0,201,0.000000
2026-08-30T17:46:35+00:00,20260830T174635Z,ollama,local/qwen2.5:3b,judge,0,1,568,0,0,243,0.000000
2026-08-30T17:46:35+00:00,20260830T174635Z,ollama,local/qwen2.5:3b,judge,0,1,575,0,0,263,0.000000
2026-08-30T17:46:35+00:00,20260830T174635Z,ollama,local/qwen2.5:3b,judge,0,1,582,0,0,220,0.000000
2026-08-30T17:46:35+00:00,20260830T174635Z,ollama,local/qwen2.5:3b,judge,0,1,581,0,0,257,0.000000
2026-08-30T17:46:35+00:00,20260830T174635Z,ollama,local/qwen2.5:3b,judge,0,1,602,0,0,240,0.000000
2026-08-30T17:46:35+00:00,20260830T174635Z,ollama,local/qwen2.5:3b,judge,0,1,602,0,0,240,0.000000
2026-08-30T17:46:35+00:00,20260830T174635Z,ollama,local/qwen2.5:3b,judge,0,1,579,0,0,227,0.000000
2026-08-30T17:46:35+00:00,20260830T174635Z,ollama,local/qwen2.5:3b,judge,0,1,576,0,0,190,0.000000
2026-08-30T17:46:35+00:00,20260830T174635Z,ollama,local/qwen2.5:3b,judge,0,1,562,0,0,191,0.000000
2026-08-30T17:46:35+00:00,20260830T174635Z,ollama,local/qwen2.5:3b,judge,0,1,563,0,0,244,0.000000
2026-08-30T17:46:35+00:00,20260830T174635Z,ollama,local/qwen2.5:3b,judge,0,1,585,0,0,197,0.000000
2026-08-30T17:46:35+00:00,20260830T174635Z,ollama,local/qwen2.5:3b,judge,0,1,585,0,0,197,0.000000
2026-08-30T17:46:35+00:00,20260830T174635Z,ollama,local/qwen2.5:3b,judge,0,1,558,0,0,215,0.000000
2026-08-30T17:46:35+00:00,20260830T174635Z,ollama,local/qwen2.5:3b,judge,0,1,553,0,0,221,0.000000
2026-08-30T17:46:35+00:00,20260830T174635Z,ollama,local/qwen2.5:3b,judge,0,1,567,0,0,203,0.000000
2026-08-30T17:46:35+00:00,20260830T174635Z,ollama,local/qwen2.5:3b,judge,0,1,572,0,0,262,0.000000
2026-08-30T17:46:35+00:00,20260830T174635Z,ollama,local/qwen2.5:3b,judge,0,1,566,0,0,215,0.000000
2026-08-30T17:46:35+00:00,20260830T174635Z,ollama,local/qwen2.5:3b,judge,0,1,566,0,0,215,0.000000
2026-08-30T17:46:35+00:00,20260830T174635Z,ollama,local/qwen2.5:3b,judge,0,1,566,0,0,215,0.000000
2026-08-30T17:46:35+00:00,20260830T174635Z,ollama,local/qwen2.5:3b,judge,0,1,564,0,0,216,0.000000
2026-08-30T17:46:35+00:00,20260830T174635Z,ollama,local/qwen2.5:3b,judge,0,1,564,0,0,216,0.000000
2026-08-30T17:46:35+00:00,20260830T174635Z,ollama,local/qwen2.5:3b,judge,0,1,585,0,0,225,0.000000
2026-08-30T17:46:35+00:00,20260830T174635Z,ollama,local/qwen2.5:3b,judge,0,1,567,0,0,228,0.000000
2026-08-30T17:46:35+00:00,20260830T174635Z,ollama,local/qwen2.5:3b,judge,0,1,580,0,0,272,0.000000
2026-08-30T17:46:35+00:00,20260830T174635Z,ollama,local/qwen2.5:3b,judge,0,1,580,0,0,272,0.000000
2026-08-30T17:46:35+00:00,20260830T174635Z,ollama,local/qwen2.5:3b,judge,0,1,557,0,0,183,0.000000
2026-08-30T17:46:35+00:00,20260830T174635Z,ollama,local/qwen2.5:3b,judge,0,1,573,0,0,216,0.000000
2026-08-30T17:46:35+00:00,20260830T174635Z,ollama,local/qwen2.5:3b,judge,0,1,558,0,0,278,0.000000
2026-08-30T17:46:35+00:00,20260830T174635Z,ollama,local/qwen2.5:3b,judge,0,1,558,0,0,203,0.000000
2026-08-30T17:46:35+00:00,20260830T174635Z,ollama,local/qwen2.5:3b,judge,0,1,564,0,0,221,0.000000
2026-08-30T17:46:35+00:00,20260830T174635Z,ollama,local/qwen2.5:3b,judge,0,1,577,0,0,285,0.000000
2026-08-30T17:46:35+00:00,20260830T174635Z,ollama,local/qwen2.5:3b,judge,0,1,577,0,0,198,0.000000
2026-08-30T17:46:35+00:00,20260830T174635Z,ollama,local/qwen2.5:3b,judge,0,1,582,0,0,272,0.000000
2026-08-30T17:46:35+00:00,20260830T174635Z,ollama,local/qwen2.5:3b,judge,0,1,578,0,0,220,0.000000
2026-08-30T17:46:35+00:00,20260830T174635Z,ollama,local/qwen2.5:3b,judge,0,1,561,0,0,240,0.000000
2026-08-30T17:46:35+00:00,20260830T174635Z,ollama,local/qwen2.5:3b,judge,0,1,571,0,0,229,0.000000
2026-08-30T17:46:35+00:00,20260830T174635Z,ollama,local/qwen2.5:3b,judge,0,1,595,0,0,230,0.000000
2026-08-30T17:46:35+00:00,20260830T174635Z,ollama,local/qwen2.5:3b,judge,0,1,554,0,0,307,0.000000
2026-08-30T17:46:35+00:00,20260830T174635Z,ollama,local/qwen2.5:3b,judge,0,1,573,0,0,208,0.000000
2026-08-30T17:46:35+00:00,20260830T174635Z,ollama,local/qwen2.5:3b,judge,0,1,573,0,0,208,0.000000
2026-08-30T17:46:35+00:00,20260830T174635Z,ollama,local/qwen2.5:3b,judge,0,1,558,0,0,208,0.000000
2026-08-30T17:46:35+00:00,20260830T174635Z,ollama,local/qwen2.5:3b,judge,0,1,568,0,0,235,0.000000
2026-08-30T17:46:35+00:00,20260830T174635Z,ollama,local/qwen2.5:3b,judge,0,1,577,0,0,221,0.000000
2026-08-30T17:46:35+00:00,20260830T174635Z,ollama,local/qwen2.5:3b,judge,0,1,572,0,0,209,0.000000
2026-08-30T17:46:35+00:00,20260830T174635Z,ollama,local/qwen2.5:3b,judge,0,1,562,0,0,203,0.000000
2026-08-30T17:46:35+00:00,20260830T174635Z,ollama,local/qwen2.5:3b,judge,0,1,584,0,0,220,0.000000
2026-08-30T17:46:35+00:00,20260830T174635Z,ollama,local/qwen2.5:3b,judge,0,1,578,0,0,221,0.000000
2026-08-30T17:46:35+00:00,20260830T174635Z,ollama,local/qwen2.5:3b,judge,0,1,562,0,0,234,0.000000
2026-08-30T17:46:35+00:00,20260830T174635Z,ollama,local/qwen2.5:3b,judge,0,1,562,0,0,233,0.000000
2026-08-30T17:46:35+00:00,20260830T174635Z,ollama,local/qwen2.5:3b,judge,0,1,621,0,0,219,0.000000
2026-08-30T17:46:35+00:00,20260830T174635Z,ollama,local/qwen2.5:3b,judge,0,1,557,0,0,190,0.000000
2026-08-30T17:46:35+00:00,20260830T174635Z,ollama,local/qwen2.5:3b,judge,0,1,569,0,0,208,0.000000
2026-08-30T17:46:35+00:00,20260830T174635Z,ollama,local/qwen2.5:3b,judge,0,1,570,0,0,215,0.000000
2026-08-30T17:46:35+00:00,20260830T174635Z,ollama,local/qwen2.5:3b,judge,0,1,573,0,0,281,0.000000
2026-08-30T17:46:35+00:00,20260830T174635Z,ollama,local/qwen2.5:3b,judge,0,1,563,0,0,217,0.000000
2026-08-30T17:46:35+00:00,20260830T174635Z,ollama,local/qwen2.5:3b,judge,0,1,571,0,0,225,0.000000
2026-08-30T17:46:35+00:00,20260830T174635Z,ollama,local/qwen2.5:3b,judge,0,1,570,0,0,255,0.000000
2026-08-30T17:46:35+00:00,20260830T174635Z,ollama,local/qwen2.5:3b,judge,0,1,570,0,0,255,0.000000
2026-08-30T17:46:35+00:00,20260830T174635Z,ollama,local/qwen2.5:3b,judge,0,1,580,0,0,200,0.000000
2026-08-30T17:46:35+00:00,20260830T174635Z,ollama,local/qwen2.5:3b,judge,0,1,580,0,0,200,0.000000
2026-08-30T17:46:35+00:00,20260830T174635Z,ollama,local/qwen2.5:3b,judge,0,1,580,0,0,200,0.000000
2026-08-30T17:46:35+00:00,20260830T174635Z,ollama,local/qwen2.5:3b,judge,0,1,580,0,0,200,0.000000
2026-08-30T17:46:35+00:00,20260830T174635Z,ollama,local/qwen2.5:3b,judge,0,1,580,0,0,200,0.000000
2026-08-30T17:46:35+00:00,20260830T174635Z,ollama,local/qwen2.5:3b,judge,0,1,580,0,0,200,0.000000
2026-08-30T17:46:35+00:00,20260830T174635Z,ollama,local/qwen2.5:3b,judge,0,1,557,0,0,242,0.000000
2026-08-30T17:46:35+00:00,20260830T174635Z,ollama,local/qwen2.5:3b,judge,0,1,557,0,0,242,0.000000
2026-08-30T17:46:35+00:00,20260830T174635Z,ollama,local/qwen2.5:3b,judge,0,1,577,0,0,256,0.000000
2026-08-30T17:46:35+00:00,20260830T174635Z,ollama,local/qwen2.5:3b,judge,0,1,583,0,0,280,0.000000
2026-08-30T17:46:35+00:00,20260830T174635Z,ollama,local/qwen2.5:3b,judge,0,1,583,0,0,233,0.000000
2026-08-30T17:46:35+00:00,20260830T174635Z,ollama,local/qwen2.5:3b,judge,0,1,575,0,0,216,0.000000
2026-08-30T17:46:35+00:00,20260830T174635Z,ollama,local/qwen2.5:3b,judge,0,1,585,0,0,230,0.000000
2026-08-30T17:46:35+00:00,20260830T174635Z,ollama,local/qwen2.5:3b,judge,0,1,585,0,0,230,0.000000
2026-08-30T17:46:35+00:00,20260830T174635Z,ollama,local/qwen2.5:3b,judge,0,1,573,0,0,255,0.000000
2026-08-30T17:46:35+00:00,20260830T174635Z,ollama,local/qwen2.5:3b,judge,0,1,570,0,0,224,0.000000
2026-08-30T17:46:35+00:00,20260830T174635Z,ollama,local/qwen2.5:3b,judge,0,1,567,0,0,259,0.000000
2026-08-30T17:46:35+00:00,20260830T174635Z,ollama,local/qwen2.5:3b,judge,0,1,583,0,0,201,0.000000
2026-08-30T17:46:35+00:00,20260830T174635Z,ollama,local/qwen2.5:3b,judge,0,1,576,0,0,223,0.000000
2026-08-30T17:46:35+00:00,20260830T174635Z,ollama,local/qwen2.5:3b,judge,0,1,584,0,0,209,0.000000
2026-08-30T17:46:35+00:00,20260830T174635Z,ollama,local/qwen2.5:3b,judge,0,1,567,0,0,196,0.000000
2026-08-30T17:46:35+00:00,20260830T174635Z,ollama,local/qwen2.5:3b,judge,0,1,578,0,0,228,0.000000
2026-08-30T17:46:35+00:00,20260830T174635Z,ollama,local/qwen2.5:3b,judge,0,1,563,0,0,204,0.000000
2026-08-30T17:46:35+00:00,20260830T174635Z,ollama,local/qwen2.5:3b,judge,0,1,577,0,0,213,0.000000
2026-08-30T17:46:35+00:00,20260830T174635Z,ollama,local/qwen2.5:3b,judge,0,1,588,0,0,223,0.000000
2026-08-30T17:46:35+00:00,20260830T174635Z,ollama,local/qwen2.5:3b,judge,0,1,574,0,0,208,0.000000
2026-08-30T17:46:35+00:00,20260830T174635Z,ollama,local/qwen2.5:3b,judge,0,1,574,0,0,208,0.000000
2026-08-30T17:46:35+00:00,20260830T174635Z,ollama,local/qwen2.5:3b,judge,0,1,571,0,0,210,0.000000
2026-08-30T17:46:35+00:00,20260830T174635Z,ollama,local/qwen2.5:3b,judge,0,1,562,0,0,223,0.000000
2026-08-30T17:46:35+00:00,20260830T174635Z,ollama,local/qwen2.5:3b,judge,0,1,673,0,0,225,0.000000
2026-08-30T17:46:35+00:00,20260830T174635Z,ollama,local/qwen2.5:3b,judge,0,1,666,0,0,214,0.000000
2026-08-30T17:46:35+00:00,20260830T174635Z,ollama,local/qwen2.5:3b,judge,0,1,644,0,0,229,0.000000
2026-08-30T17:46:35+00:00,20260830T174635Z,ollama,local/qwen2.5:3b,judge,0,1,621,0,0,188,0.000000
2026-08-30T17:46:35+00:00,20260830T174635Z,ollama,local/qwen2.5:3b,judge,0,1,714,0,0,245,0.000000
2026-08-30T17:46:35+00:00,20260830T174635Z,ollama,local/qwen2.5:3b,judge,0,1,628,0,0,255,0.000000
2026-08-30T17:46:35+00:00,20260830T174635Z,ollama,local/qwen2.5:3b,judge,0,1,679,0,0,200,0.000000
2026-08-30T17:46:35+00:00,20260830T174635Z,ollama,local/qwen2.5:3b,judge,0,1,602,0,0,264,0.000000
2026-08-30T17:46:35+00:00,20260830T174635Z,ollama,local/qwen2.5:3b,judge,0,1,738,0,0,279,0.000000
2026-08-30T17:46:35+00:00,20260830T174635Z,ollama,local/qwen2.5:3b,judge,0,1,738,0,0,279,0.000000
2026-08-30T17:46:35+00:00,20260830T174635Z,ollama,local/qwen2.5:3b,judge,0,1,616,0,0,226,0.000000
2026-08-30T17:46:35+00:00,20260830T174635Z,ollama,local/qwen2.5:3b,judge,0,1,616,0,0,226,0.000000
2026-08-30T17:46:35+00:00,20260830T174635Z,ollama,local/qwen2.5:3b,judge,0,1,616,0,0,226,0.000000
2026-08-30T17:46:35+00:00,20260830T174635Z,ollama,local/qwen2.5:3b,judge,0,1,729,0,0,271,0.000000
2026-08-30T17:46:35+00:00,20260830T174635Z,ollama,local/qwen2.5:3b,judge,0,1,672,0,0,231,0.000000
2026-08-30T17:46:35+00:00,20260830T174635Z,ollama,local/qwen2.5:3b,judge,0,1,761,0,0,234,0.000000
2026-08-30T17:46:35+00:00,20260830T174635Z,ollama,local/qwen2.5:3b,judge,0,1,731,0,0,206,0.000000
2026-08-30T17:46:35+00:00,20260830T174635Z,ollama,local/qwen2.5:3b,judge,0,1,720,0,0,219,0.000000
2026-08-30T17:46:35+00:00,20260830T174635Z,ollama,local/qwen2.5:3b,judge,0,1,720,0,0,219,0.000000
2026-08-30T17:46:35+00:00,20260830T174635Z,ollama,local/qwen2.5:3b,judge,0,1,1085,0,0,231,0.000000
2026-08-30T17:46:35+00:00,20260830T174635Z,ollama,local/qwen2.5:3b,judge,0,1,676,0,0,200,0.000000
2026-08-30T17:46:35+00:00,20260830T174635Z,ollama,local/qwen2.5:3b,judge,0,1,681,0,0,229,0.000000
2026-08-30T17:46:35+00:00,20260830T174635Z,ollama,local/qwen2.5:3b,judge,0,1,669,0,0,211,0.000000
2026-08-30T17:46:35+00:00,20260830T174635Z,ollama,local/qwen2.5:3b,judge,0,1,683,0,0,228,0.000000
2026-08-30T17:46:35+00:00,20260830T174635Z,ollama,local/qwen2.5:3b,judge,0,1,683,0,0,228,0.000000
2026-08-30T17:46:35+00:00,20260830T174635Z,ollama,local/qwen2.5:3b,judge,0,1,657,0,0,236,0.000000
2026-08-30T17:46:35+00:00,20260830T174635Z,ollama,local/qwen2.5:3b,judge,0,1,636,0,0,248,0.000000
2026-08-30T17:46:35+00:00,20260830T174635Z,ollama,local/qwen2.5:3b,judge,0,1,670,0,0,244,0.000000
2026-08-30T17:46:35+00:00,20260830T174635Z,ollama,local/qwen2.5:3b,judge,0,1,651,0,0,229,0.000000
2026-08-30T17:46:35+00:00,20260830T174635Z,ollama,local/qwen2.5:3b,judge,0,1,640,0,0,269,0.000000
2026-08-30T17:46:35+00:00,20260830T174635Z,ollama,local/qwen2.5:3b,judge,0,1,640,0,0,269,0.000000
2026-08-30T17:46:35+00:00,20260830T174635Z,ollama,local/qwen2.5:3b,judge,0,1,640,0,0,269,0.000000
2026-08-30T17:46:35+00:00,20260830T174635Z,ollama,local/qwen2.5:3b,judge,0,1,656,0,0,223,0.000000
2026-08-30T17:46:35+00:00,20260830T174635Z,ollama,local/qwen2.5:3b,judge,0,1,656,0,0,223,0.000000
2026-08-30T17:46:35+00:00,20260830T174635Z,ollama,local/qwen2.5:3b,judge,0,1,687,0,0,218,0.000000
2026-08-30T17:46:35+00:00,20260830T174635Z,ollama,local/qwen2.5:3b,judge,0,1,635,0,0,202,0.000000
2026-08-30T17:46:35+00:00,20260830T174635Z,ollama,local/qwen2.5:3b,judge,0,1,636,0,0,192,0.000000
2026-08-30T17:46:35+00:00,20260830T174635Z,ollama,local/qwen2.5:3b,judge,0,1,636,0,0,192,0.000000
2026-08-30T17:46:35+00:00,20260830T174635Z,ollama,local/qwen2.5:3b,judge,0,1,620,0,0,197,0.000000
2026-08-30T17:46:35+00:00,20260830T174635Z,ollama,local/qwen2.5:3b,judge,0,1,630,0,0,323,0.000000
2026-08-30T17:46:35+00:00,20260830T174635Z,ollama,local/qwen2.5:3b,judge,0,1,629,0,0,218,0.000000
2026-08-30T17:46:35+00:00,20260830T174635Z,ollama,local/qwen2.5:3b,judge,0,1,662,0,0,294,0.000000
2026-08-30T17:46:35+00:00,20260830T174635Z,ollama,local/qwen2.5:3b,judge,0,1,650,0,0,216,0.000000
2026-08-30T17:46:35+00:00,20260830T174635Z,ollama,local/qwen2.5:3b,judge,0,1,630,0,0,247,0.000000
2026-08-30T17:46:35+00:00,20260830T174635Z,ollama,local/qwen2.5:3b,judge,0,1,953,0,0,252,0.000000
2026-08-30T17:46:35+00:00,20260830T174635Z,ollama,local/qwen2.5:3b,judge,0,1,704,0,0,239,0.000000
2026-08-30T17:46:35+00:00,20260830T174635Z,ollama,local/qwen2.5:3b,judge,0,1,673,0,0,257,0.000000
2026-08-30T17:46:35+00:00,20260830T174635Z,ollama,local/qwen2.5:3b,judge,0,1,760,0,0,229,0.000000
2026-08-30T17:46:35+00:00,20260830T174635Z,ollama,local/qwen2.5:3b,judge,0,1,663,0,0,216,0.000000
2026-08-30T17:46:35+00:00,20260830T174635Z,ollama,local/qwen2.5:3b,judge,0,1,766,0,0,223,0.000000
2026-08-30T17:46:35+00:00,20260830T174635Z,ollama,local/qwen2.5:3b,judge,0,1,802,0,0,214,0.000000
2026-08-30T17:46:35+00:00,20260830T174635Z,ollama,local/qwen2.5:3b,judge,0,1,652,0,0,279,0.000000
2026-08-30T17:46:35+00:00,20260830T174635Z,ollama,local/qwen2.5:3b,judge,0,1,652,0,0,279,0.000000
2026-08-30T17:46:35+00:00,20260830T174635Z,ollama,local/qwen2.5:3b,judge,0,1,643,0,0,246,0.000000
2026-08-30T17:46:35+00:00,20260830T174635Z,ollama,local/qwen2.5:3b,judge,0,1,661,0,0,222,0.000000
2026-08-30T17:46:35+00:00,20260830T174635Z,ollama,local/qwen2.5:3b,judge,0,1,699,0,0,240,0.000000
2026-08-30T17:46:35+00:00,20260830T174635Z,ollama,local/qwen2.5:3b,judge,0,1,1769,0,0,237,0.000000
2026-08-30T17:46:35+00:00,20260830T174635Z,ollama,local/qwen2.5:3b,judge,0,1,629,0,0,232,0.000000
2026-08-30T17:46:35+00:00,20260830T174635Z,ollama,local/qwen2.5:3b,judge,0,1,709,0,0,217,0.000000
2026-08-30T17:46:35+00:00,20260830T174635Z,ollama,local/qwen2.5:3b,judge,0,1,902,0,0,249,0.000000
2026-08-30T17:46:35+00:00,20260830T174635Z,ollama,local/qwen2.5:3b,judge,0,1,611,0,0,220,0.000000
2026-08-30T17:46:35+00:00,20260830T174635Z,ollama,local/qwen2.5:3b,judge,0,1,658,0,0,204,0.000000
2026-08-30T17:46:35+00:00,20260830T174635Z,ollama,local/qwen2.5:3b,judge,0,1,1282,0,0,262,0.000000
2026-08-30T17:46:35+00:00,20260830T174635Z,ollama,local/qwen2.5:3b,judge,0,1,631,0,0,230,0.000000
2026-08-30T17:46:35+00:00,20260830T174635Z,ollama,local/qwen2.5:3b,judge,0,1,672,0,0,238,0.000000
2026-08-30T17:46:35+00:00,20260830T174635Z,ollama,local/qwen2.5:3b,judge,0,1,631,0,0,234,0.000000
2026-08-30T17:46:35+00:00,20260830T174635Z,ollama,local/qwen2.5:3b,judge,0,1,633,0,0,217,0.000000
2026-08-30T17:46:35+00:00,20260830T174635Z,ollama,local/qwen2.5:3b,judge,0,1,618,0,0,232,0.000000
2026-08-30T17:46:35+00:00,20260830T174635Z,ollama,local/qwen2.5:3b,judge,0,1,703,0,0,212,0.000000
2026-08-30T17:46:35+00:00,20260830T174635Z,ollama,local/qwen2.5:3b,judge,0,1,702,0,0,224,0.000000
2026-08-30T17:46:35+00:00,20260830T174635Z,ollama,local/qwen2.5:3b,judge,0,1,702,0,0,224,0.000000
2026-08-30T17:46:35+00:00,20260830T174635Z,ollama,local/qwen2.5:3b,judge,0,1,679,0,0,226,0.000000
2026-08-30T17:46:35+00:00,20260830T174635Z,ollama,local/qwen2.5:3b,judge,0,1,679,0,0,226,0.000000
2026-08-30T17:46:35+00:00,20260830T174635Z,ollama,local/qwen2.5:3b,judge,0,1,679,0,0,226,0.000000
2026-08-30T17:46:35+00:00,20260830T174635Z,ollama,local/qwen2.5:3b,judge,0,1,679,0,0,226,0.000000
2026-08-30T17:46:35+00:00,20260830T174635Z,ollama,local/qwen2.5:3b,judge,0,1,679,0,0,226,0.000000
2026-08-30T17:46:35+00:00,20260830T174635Z,ollama,local/qwen2.5:3b,judge,0,1,679,0,0,226,0.000000
2026-08-30T17:46:35+00:00,20260830T174635Z,ollama,local/qwen2.5:3b,judge,0,1,656,0,0,234,0.000000
2026-08-30T17:46:35+00:00,20260830T174635Z,ollama,local/qwen2.5:3b,judge,0,1,656,0,0,234,0.000000
2026-08-30T17:46:35+00:00,20260830T174635Z,ollama,local/qwen2.5:3b,judge,0,1,629,0,0,249,0.000000
2026-08-30T17:46:35+00:00,20260830T174635Z,ollama,local/qwen2.5:3b,judge,0,1,686,0,0,234,0.000000
2026-08-30T17:46:35+00:00,20260830T174635Z,ollama,local/qwen2.5:3b,judge,0,1,763,0,0,227,0.000000
2026-08-30T17:46:35+00:00,20260830T174635Z,ollama,local/qwen2.5:3b,judge,0,1,725,0,0,200,0.000000
2026-08-30T17:46:35+00:00,20260830T174635Z,ollama,local/qwen2.5:3b,judge,0,1,651,0,0,213,0.000000
2026-08-30T17:46:35+00:00,20260830T174635Z,ollama,local/qwen2.5:3b,judge,0,1,651,0,0,213,0.000000
2026-08-30T17:46:35+00:00,20260830T174635Z,ollama,local/qwen2.5:3b,judge,0,1,634,0,0,198,0.000000
2026-08-30T17:46:35+00:00,20260830T174635Z,ollama,local/qwen2.5:3b,judge,0,1,664,0,0,213,0.000000
2026-08-30T17:46:35+00:00,20260830T174635Z,ollama,local/qwen2.5:3b,judge,0,1,641,0,0,231,0.000000
2026-08-30T17:46:35+00:00,20260830T174635Z,ollama,local/qwen2.5:3b,judge,0,1,748,0,0,223,0.000000
2026-08-30T17:46:35+00:00,20260830T174635Z,ollama,local/qwen2.5:3b,judge,0,1,676,0,0,276,0.000000
2026-08-30T17:46:35+00:00,20260830T174635Z,ollama,local/qwen2.5:3b,judge,0,1,811,0,0,263,0.000000
2026-08-30T17:46:35+00:00,20260830T174635Z,ollama,local/qwen2.5:3b,judge,0,1,683,0,0,259,0.000000
2026-08-30T17:46:35+00:00,20260830T174635Z,ollama,local/qwen2.5:3b,judge,0,1,1013,0,0,301,0.000000
2026-08-30T17:46:35+00:00,20260830T174635Z,ollama,local/qwen2.5:3b,judge,0,1,998,0,0,269,0.000000
2026-08-30T17:46:35+00:00,20260830T174635Z,ollama,local/qwen2.5:3b,judge,0,1,751,0,0,206,0.000000
2026-08-30T17:46:35+00:00,20260830T174635Z,ollama,local/qwen2.5:3b,judge,0,1,842,0,0,260,0.000000
2026-08-30T17:46:35+00:00,20260830T174635Z,ollama,local/qwen2.5:3b,judge,0,1,640,0,0,234,0.000000
2026-08-30T17:46:35+00:00,20260830T174635Z,ollama,local/qwen2.5:3b,judge,0,1,640,0,0,234,0.000000
2026-08-30T17:46:35+00:00,20260830T174635Z,ollama,local/qwen2.5:3b,judge,0,1,726,0,0,253,0.000000
2026-08-30T17:46:35+00:00,20260830T174635Z,ollama,local/qwen2.5:3b,judge,0,1,750,0,0,192,0.000000
2026-08-30T17:47:05+00:00,20260830T174705Z,ollama,local/qwen2.5:3b,judge,0,1,574,0,0,198,0.000000
2026-08-30T17:47:05+00:00,20260830T174705Z,ollama,local/qwen2.5:3b,judge,0,1,560,0,0,271,0.000000
2026-08-30T17:47:05+00:00,20260830T174705Z,ollama,local/qwen2.5:3b,judge,0,1,559,0,0,204,0.000000
2026-08-30T17:47:05+00:00,20260830T174705Z,ollama,local/qwen2.5:3b,judge,0,1,556,0,0,233,0.000000
2026-08-30T17:47:05+00:00,20260830T174705Z,ollama,local/qwen2.5:3b,judge,0,1,580,0,0,214,0.000000
2026-08-30T17:47:05+00:00,20260830T174705Z,ollama,local/qwen2.5:3b,judge,0,1,563,0,0,213,0.000000
2026-08-30T17:47:05+00:00,20260830T174705Z,ollama,local/qwen2.5:3b,judge,0,1,583,0,0,235,0.000000
2026-08-30T17:47:05+00:00,20260830T174705Z,ollama,local/qwen2.5:3b,judge,0,1,553,0,0,217,0.000000
2026-08-30T17:47:05+00:00,20260830T174705Z,ollama,local/qwen2.5:3b,judge,0,1,587,0,0,207,0.000000
2026-08-30T17:47:05+00:00,20260830T174705Z,ollama,local/qwen2.5:3b,judge,0,1,587,0,0,207,0.000000
2026-08-30T17:47:05+00:00,20260830T174705Z,ollama,local/qwen2.5:3b,judge,0,1,557,0,0,201,0.000000
2026-08-30T17:47:05+00:00,20260830T174705Z,ollama,local/qwen2.5:3b,judge,0,1,557,0,0,201,0.000000
2026-08-30T17:47:05+00:00,20260830T174705Z,ollama,local/qwen2.5:3b,judge,0,1,557,0,0,201,0.000000
2026-08-30T17:47:05+00:00,20260830T174705Z,ollama,local/qwen2.5:3b,judge,0,1,568,0,0,243,0.000000
2026-08-30T17:47:05+00:00,20260830T174705Z,ollama,local/qwen2.5:3b,judge,0,1,575,0,0,263,0.000000
2026-08-30T17:47:05+00:00,20260830T174705Z,ollama,local/qwen2.5:3b,judge,0,1,582,0,0,220,0.000000
2026-08-30T17:47:05+00:00,20260830T174705Z,ollama,local/qwen2.5:3b,judge,0,1,581,0,0,257,0.000000
2026-08-30T17:47:05+00:00,20260830T174705Z,ollama,local/qwen2.5:3b,judge,0,1,602,0,0,240,0.000000
2026-08-30T17:47:05+00:00,20260830T174705Z,ollama,local/qwen2.5:3b,judge,0,1,602,0,0,240,0.000000
2026-08-30T17:47:05+00:00,20260830T174705Z,ollama,local/qwen2.5:3b,judge,0,1,579,0,0,227,0.000000
2026-08-30T17:47:05+00:00,20260830T174705Z,ollama,local/qwen2.5:3b,judge,0,1,576,0,0,190,0.000000
2026-08-30T17:47:05+00:00,20260830T174705Z,ollama,local/qwen2.5:3b,judge,0,1,562,0,0,191,0.000000
2026-08-30T17:47:05+00:00,20260830T174705Z,ollama,local/qwen2.5:3b,judge,0,1,563,0,0,244,0.000000
2026-08-30T17:47:05+00:00,20260830T174705Z,ollama,local/qwen2.5:3b,judge,0,1,585,0,0,197,0.000000
2026-08-30T17:47:05+00:00,20260830T174705Z,ollama,local/qwen2.5:3b,judge,0,1,585,0,0,197,0.000000
2026-08-30T17:47:05+00:00,20260830T174705Z,ollama,local/qwen2.5:3b,judge,0,1,558,0,0,215,0.000000
2026-08-30T17:47:05+00:00,20260830T174705Z,ollama,local/qwen2.5:3b,judge,0,1,553,0,0,221,0.000000
2026-08-30T17:47:05+00:00,20260830T174705Z,ollama,local/qwen2.5:3b,judge,0,1,567,0,0,203,0.000000
2026-08-30T17:47:05+00:00,20260830T174705Z,ollama,local/qwen2.5:3b,judge,0,1,572,0,0,262,0.000000
2026-08-30T17:47:05+00:00,20260830T174705Z,ollama,local/qwen2.5:3b,judge,0,1,566,0,0,215,0.000000
2026-08-30T17:47:05+00:00,20260830T174705Z,ollama,local/qwen2.5:3b,judge,0,1,566,0,0,215,0.000000
2026-08-30T17:47:05+00:00,20260830T174705Z,ollama,local/qwen2.5:3b,judge,0,1,566,0,0,215,0.000000
2026-08-30T17:47:05+00:00,20260830T174705Z,ollama,local/qwen2.5:3b,judge,0,1,564,0,0,216,0.000000
2026-08-30T17:47:05+00:00,20260830T174705Z,ollama,local/qwen2.5:3b,judge,0,1,564,0,0,216,0.000000
2026-08-30T17:47:05+00:00,20260830T174705Z,ollama,local/qwen2.5:3b,judge,0,1,585,0,0,225,0.000000
2026-08-30T17:47:05+00:00,20260830T174705Z,ollama,local/qwen2.5:3b,judge,0,1,567,0,0,228,0.000000
2026-08-30T17:47:05+00:00,20260830T174705Z,ollama,local/qwen2.5:3b,judge,0,1,580,0,0,272,0.000000
2026-08-30T17:47:05+00:00,20260830T174705Z,ollama,local/qwen2.5:3b,judge,0,1,580,0,0,272,0.000000
2026-08-30T17:47:05+00:00,20260830T174705Z,ollama,local/qwen2.5:3b,judge,0,1,557,0,0,183,0.000000
2026-08-30T17:47:05+00:00,20260830T174705Z,ollama,local/qwen2.5:3b,judge,0,1,573,0,0,216,0.000000
2026-08-30T17:47:05+00:00,20260830T174705Z,ollama,local/qwen2.5:3b,judge,0,1,558,0,0,278,0.000000
2026-08-30T17:47:05+00:00,20260830T174705Z,ollama,local/qwen2.5:3b,judge,0,1,558,0,0,203,0.000000
2026-08-30T17:47:05+00:00,20260830T174705Z,ollama,local/qwen2.5:3b,judge,0,1,564,0,0,221,0.000000
2026-08-30T17:47:05+00:00,20260830T174705Z,ollama,local/qwen2.5:3b,judge,0,1,577,0,0,285,0.000000
2026-08-30T17:47:05+00:00,20260830T174705Z,ollama,local/qwen2.5:3b,judge,0,1,577,0,0,198,0.000000
2026-08-30T17:47:05+00:00,20260830T174705Z,ollama,local/qwen2.5:3b,judge,0,1,582,0,0,272,0.000000
2026-08-30T17:47:05+00:00,20260830T174705Z,ollama,local/qwen2.5:3b,judge,0,1,578,0,0,220,0.000000
2026-08-30T17:47:05+00:00,20260830T174705Z,ollama,local/qwen2.5:3b,judge,0,1,561,0,0,240,0.000000
2026-08-30T17:47:05+00:00,20260830T174705Z,ollama,local/qwen2.5:3b,judge,0,1,571,0,0,229,0.000000
2026-08-30T17:47:05+00:00,20260830T174705Z,ollama,local/qwen2.5:3b,judge,0,1,595,0,0,230,0.000000
2026-08-30T17:47:05+00:00,20260830T174705Z,ollama,local/qwen2.5:3b,judge,0,1,554,0,0,307,0.000000
2026-08-30T17:47:05+00:00,20260830T174705Z,ollama,local/qwen2.5:3b,judge,0,1,573,0,0,208,0.000000
2026-08-30T17:47:05+00:00,20260830T174705Z,ollama,local/qwen2.5:3b,judge,0,1,573,0,0,208,0.000000
2026-08-30T17:47:05+00:00,20260830T174705Z,ollama,local/qwen2.5:3b,judge,0,1,558,0,0,208,0.000000
2026-08-30T17:47:05+00:00,20260830T174705Z,ollama,local/qwen2.5:3b,judge,0,1,568,0,0,235,0.000000
2026-08-30T17:47:05+00:00,20260830T174705Z,ollama,local/qwen2.5:3b,judge,0,1,577,0,0,221,0.000000
2026-08-30T17:47:05+00:00,20260830T174705Z,ollama,local/qwen2.5:3b,judge,0,1,572,0,0,209,0.000000
2026-08-30T17:47:05+00:00,20260830T174705Z,ollama,local/qwen2.5:3b,judge,0,1,562,0,0,203,0.000000
2026-08-30T17:47:05+00:00,20260830T174705Z,ollama,local/qwen2.5:3b,judge,0,1,584,0,0,220,0.000000
2026-08-30T17:47:05+00:00,20260830T174705Z,ollama,local/qwen2.5:3b,judge,0,1,578,0,0,221,0.000000
2026-08-30T17:47:05+00:00,20260830T174705Z,ollama,local/qwen2.5:3b,judge,0,1,562,0,0,234,0.000000
2026-08-30T17:47:05+00:00,20260830T174705Z,ollama,local/qwen2.5:3b,judge,0,1,562,0,0,233,0.000000
2026-08-30T17:47:05+00:00,20260830T174705Z,ollama,local/qwen2.5:3b,judge,0,1,621,0,0,219,0.000000
2026-08-30T17:47:05+00:00,20260830T174705Z,ollama,local/qwen2.5:3b,judge,0,1,557,0,0,190,0.000000
2026-08-30T17:47:05+00:00,20260830T174705Z,ollama,local/qwen2.5:3b,judge,0,1,569,0,0,208,0.000000
2026-08-30T17:47:05+00:00,20260830T174705Z,ollama,local/qwen2.5:3b,judge,0,1,570,0,0,215,0.000000
2026-08-30T17:47:05+00:00,20260830T174705Z,ollama,local/qwen2.5:3b,judge,0,1,573,0,0,281,0.000000
2026-08-30T17:47:05+00:00,20260830T174705Z,ollama,local/qwen2.5:3b,judge,0,1,563,0,0,217,0.000000
2026-08-30T17:47:05+00:00,20260830T174705Z,ollama,local/qwen2.5:3b,judge,0,1,571,0,0,225,0.000000
2026-08-30T17:47:05+00:00,20260830T174705Z,ollama,local/qwen2.5:3b,judge,0,1,570,0,0,255,0.000000
2026-08-30T17:47:05+00:00,20260830T174705Z,ollama,local/qwen2.5:3b,judge,0,1,570,0,0,255,0.000000
2026-08-30T17:47:05+00:00,20260830T174705Z,ollama,local/qwen2.5:3b,judge,0,1,580,0,0,200,0.000000
2026-08-30T17:47:05+00:00,20260830T174705Z,ollama,local/qwen2.5:3b,judge,0,1,580,0,0,200,0.000000
2026-08-30T17:47:05+00:00,20260830T174705Z,ollama,local/qwen2.5:3b,judge,0,1,580,0,0,200,0.000000
2026-08-30T17:47:05+00:00,20260830T174705Z,ollama,local/qwen2.5:3b,judge,0,1,580,0,0,200,0.000000
2026-08-30T17:47:05+00:00,20260830T174705Z,ollama,local/qwen2.5:3b,judge,0,1,580,0,0,200,0.000000
2026-08-30T17:47:05+00:00,20260830T174705Z,ollama,local/qwen2.5:3b,judge,0,1,580,0,0,200,0.000000
2026-08-30T17:47:05+00:00,20260830T174705Z,ollama,local/qwen2.5:3b,judge,0,1,557,0,0,242,0.000000
2026-08-30T17:47:05+00:00,20260830T174705Z,ollama,local/qwen2.5:3b,judge,0,1,557,0,0,242,0.000000
2026-08-30T17:47:05+00:00,20260830T174705Z,ollama,local/qwen2.5:3b,judge,0,1,577,0,0,256,0.000000
2026-08-30T17:47:05+00:00,20260830T174705Z,ollama,local/qwen2.5:3b,judge,0,1,583,0,0,280,0.000000
2026-08-30T17:47:05+00:00,20260830T174705Z,ollama,local/qwen2.5:3b,judge,0,1,583,0,0,233,0.000000
2026-08-30T17:47:05+00:00,20260830T174705Z,ollama,local/qwen2.5:3b,judge,0,1,575,0,0,216,0.000000
2026-08-30T17:47:05+00:00,20260830T174705Z,ollama,local/qwen2.5:3b,judge,0,1,585,0,0,230,0.000000
2026-08-30T17:47:05+00:00,20260830T174705Z,ollama,local/qwen2.5:3b,judge,0,1,585,0,0,230,0.000000
2026-08-30T17:47:05+00:00,20260830T174705Z,ollama,local/qwen2.5:3b,judge,0,1,573,0,0,255,0.000000
2026-08-30T17:47:05+00:00,20260830T174705Z,ollama,local/qwen2.5:3b,judge,0,1,570,0,0,224,0.000000
2026-08-30T17:47:05+00:00,20260830T174705Z,ollama,local/qwen2.5:3b,judge,0,1,567,0,0,259,0.000000
2026-08-30T17:47:05+00:00,20260830T174705Z,ollama,local/qwen2.5:3b,judge,0,1,583,0,0,201,0.000000
2026-08-30T17:47:05+00:00,20260830T174705Z,ollama,local/qwen2.5:3b,judge,0,1,576,0,0,223,0.000000
2026-08-30T17:47:05+00:00,20260830T174705Z,ollama,local/qwen2.5:3b,judge,0,1,584,0,0,209,0.000000
2026-08-30T17:47:05+00:00,20260830T174705Z,ollama,local/qwen2.5:3b,judge,0,1,567,0,0,196,0.000000
2026-08-30T17:47:05+00:00,20260830T174705Z,ollama,local/qwen2.5:3b,judge,0,1,578,0,0,228,0.000000
2026-08-30T17:47:05+00:00,20260830T174705Z,ollama,local/qwen2.5:3b,judge,0,1,563,0,0,204,0.000000
2026-08-30T17:47:05+00:00,20260830T174705Z,ollama,local/qwen2.5:3b,judge,0,1,577,0,0,213,0.000000
2026-08-30T17:47:05+00:00,20260830T174705Z,ollama,local/qwen2.5:3b,judge,0,1,588,0,0,223,0.000000
2026-08-30T17:47:05+00:00,20260830T174705Z,ollama,local/qwen2.5:3b,judge,0,1,574,0,0,208,0.000000
2026-08-30T17:47:05+00:00,20260830T174705Z,ollama,local/qwen2.5:3b,judge,0,1,574,0,0,208,0.000000
2026-08-30T17:47:05+00:00,20260830T174705Z,ollama,local/qwen2.5:3b,judge,0,1,571,0,0,210,0.000000
2026-08-30T17:47:05+00:00,20260830T174705Z,ollama,local/qwen2.5:3b,judge,0,1,562,0,0,223,0.000000
2026-08-30T17:47:05+00:00,20260830T174705Z,ollama,local/qwen2.5:3b,judge,0,1,673,0,0,225,0.000000
2026-08-30T17:47:05+00:00,20260830T174705Z,ollama,local/qwen2.5:3b,judge,0,1,666,0,0,214,0.000000
2026-08-30T17:47:05+00:00,20260830T174705Z,ollama,local/qwen2.5:3b,judge,0,1,644,0,0,229,0.000000
2026-08-30T17:47:05+00:00,20260830T174705Z,ollama,local/qwen2.5:3b,judge,0,1,621,0,0,188,0.000000
2026-08-30T17:47:05+00:00,20260830T174705Z,ollama,local/qwen2.5:3b,judge,0,1,714,0,0,245,0.000000
2026-08-30T17:47:05+00:00,20260830T174705Z,ollama,local/qwen2.5:3b,judge,0,1,628,0,0,255,0.000000
2026-08-30T17:47:05+00:00,20260830T174705Z,ollama,local/qwen2.5:3b,judge,0,1,679,0,0,200,0.000000
2026-08-30T17:47:05+00:00,20260830T174705Z,ollama,local/qwen2.5:3b,judge,0,1,602,0,0,264,0.000000
2026-08-30T17:47:05+00:00,20260830T174705Z,ollama,local/qwen2.5:3b,judge,0,1,738,0,0,279,0.000000
2026-08-30T17:47:05+00:00,20260830T174705Z,ollama,local/qwen2.5:3b,judge,0,1,738,0,0,279,0.000000
2026-08-30T17:47:05+00:00,20260830T174705Z,ollama,local/qwen2.5:3b,judge,0,1,616,0,0,226,0.000000
2026-08-30T17:47:05+00:00,20260830T174705Z,ollama,local/qwen2.5:3b,judge,0,1,616,0,0,226,0.000000
2026-08-30T17:47:05+00:00,20260830T174705Z,ollama,local/qwen2.5:3b,judge,0,1,616,0,0,226,0.000000
2026-08-30T17:47:05+00:00,20260830T174705Z,ollama,local/qwen2.5:3b,judge,0,1,729,0,0,271,0.000000
2026-08-30T17:47:05+00:00,20260830T174705Z,ollama,local/qwen2.5:3b,judge,0,1,672,0,0,231,0.000000
2026-08-30T17:47:05+00:00,20260830T174705Z,ollama,local/qwen2.5:3b,judge,0,1,761,0,0,234,0.000000
2026-08-30T17:47:05+00:00,20260830T174705Z,ollama,local/qwen2.5:3b,judge,0,1,731,0,0,206,0.000000
2026-08-30T17:47:05+00:00,20260830T174705Z,ollama,local/qwen2.5:3b,judge,0,1,720,0,0,219,0.000000
2026-08-30T17:47:05+00:00,20260830T174705Z,ollama,local/qwen2.5:3b,judge,0,1,720,0,0,219,0.000000
2026-08-30T17:47:05+00:00,20260830T174705Z,ollama,local/qwen2.5:3b,judge,0,1,1085,0,0,231,0.000000
2026-08-30T17:47:05+00:00,20260830T174705Z,ollama,local/qwen2.5:3b,judge,0,1,676,0,0,200,0.000000
2026-08-30T17:47:05+00:00,20260830T174705Z,ollama,local/qwen2.5:3b,judge,0,1,681,0,0,229,0.000000
2026-08-30T17:47:05+00:00,20260830T174705Z,ollama,local/qwen2.5:3b,judge,0,1,669,0,0,211,0.000000
2026-08-30T17:47:05+00:00,20260830T174705Z,ollama,local/qwen2.5:3b,judge,0,1,683,0,0,228,0.000000
2026-08-30T17:47:05+00:00,20260830T174705Z,ollama,local/qwen2.5:3b,judge,0,1,683,0,0,228,0.000000
2026-08-30T17:47:05+00:00,20260830T174705Z,ollama,local/qwen2.5:3b,judge,0,1,657,0,0,236,0.000000
2026-08-30T17:47:05+00:00,20260830T174705Z,ollama,local/qwen2.5:3b,judge,0,1,636,0,0,248,0.000000
2026-08-30T17:47:05+00:00,20260830T174705Z,ollama,local/qwen2.5:3b,judge,0,1,670,0,0,244,0.000000
2026-08-30T17:47:05+00:00,20260830T174705Z,ollama,local/qwen2.5:3b,judge,0,1,651,0,0,229,0.000000
2026-08-30T17:47:05+00:00,20260830T174705Z,ollama,local/qwen2.5:3b,judge,0,1,640,0,0,269,0.000000
2026-08-30T17:47:05+00:00,20260830T174705Z,ollama,local/qwen2.5:3b,judge,0,1,640,0,0,269,0.000000
2026-08-30T17:47:05+00:00,20260830T174705Z,ollama,local/qwen2.5:3b,judge,0,1,640,0,0,269,0.000000
2026-08-30T17:47:05+00:00,20260830T174705Z,ollama,local/qwen2.5:3b,judge,0,1,656,0,0,223,0.000000
2026-08-30T17:47:05+00:00,20260830T174705Z,ollama,local/qwen2.5:3b,judge,0,1,656,0,0,223,0.000000
2026-08-30T17:47:05+00:00,20260830T174705Z,ollama,local/qwen2.5:3b,judge,0,1,687,0,0,218,0.000000
2026-08-30T17:47:05+00:00,20260830T174705Z,ollama,local/qwen2.5:3b,judge,0,1,635,0,0,202,0.000000
2026-08-30T17:47:05+00:00,20260830T174705Z,ollama,local/qwen2.5:3b,judge,0,1,636,0,0,192,0.000000
2026-08-30T17:47:05+00:00,20260830T174705Z,ollama,local/qwen2.5:3b,judge,0,1,636,0,0,192,0.000000
2026-08-30T17:47:05+00:00,20260830T174705Z,ollama,local/qwen2.5:3b,judge,0,1,620,0,0,197,0.000000
2026-08-30T17:47:05+00:00,20260830T174705Z,ollama,local/qwen2.5:3b,judge,0,1,630,0,0,323,0.000000
2026-08-30T17:47:05+00:00,20260830T174705Z,ollama,local/qwen2.5:3b,judge,0,1,629,0,0,218,0.000000
2026-08-30T17:47:05+00:00,20260830T174705Z,ollama,local/qwen2.5:3b,judge,0,1,662,0,0,294,0.000000
2026-08-30T17:47:05+00:00,20260830T174705Z,ollama,local/qwen2.5:3b,judge,0,1,650,0,0,216,0.000000
2026-08-30T17:47:05+00:00,20260830T174705Z,ollama,local/qwen2.5:3b,judge,0,1,630,0,0,247,0.000000
2026-08-30T17:47:05+00:00,20260830T174705Z,ollama,local/qwen2.5:3b,judge,0,1,953,0,0,252,0.000000
2026-08-30T17:47:05+00:00,20260830T174705Z,ollama,local/qwen2.5:3b,judge,0,1,704,0,0,239,0.000000
2026-08-30T17:47:05+00:00,20260830T174705Z,ollama,local/qwen2.5:3b,judge,0,1,673,0,0,257,0.000000
2026-08-30T17:47:05+00:00,20260830T174705Z,ollama,local/qwen2.5:3b,judge,0,1,760,0,0,229,0.000000
2026-08-30T17:47:05+00:00,20260830T174705Z,ollama,local/qwen2.5:3b,judge,0,1,663,0,0,216,0.000000
2026-08-30T17:47:05+00:00,20260830T174705Z,ollama,local/qwen2.5:3b,judge,0,1,766,0,0,223,0.000000
2026-08-30T17:47:05+00:00,20260830T174705Z,ollama,local/qwen2.5:3b,judge,0,1,802,0,0,214,0.000000
2026-08-30T17:47:05+00:00,20260830T174705Z,ollama,local/qwen2.5:3b,judge,0,1,652,0,0,279,0.000000
2026-08-30T17:47:05+00:00,20260830T174705Z,ollama,local/qwen2.5:3b,judge,0,1,652,0,0,279,0.000000
2026-08-30T17:47:05+00:00,20260830T174705Z,ollama,local/qwen2.5:3b,judge,0,1,643,0,0,246,0.000000
2026-08-30T17:47:05+00:00,20260830T174705Z,ollama,local/qwen2.5:3b,judge,0,1,661,0,0,222,0.000000
2026-08-30T17:47:05+00:00,20260830T174705Z,ollama,local/qwen2.5:3b,judge,0,1,699,0,0,240,0.000000
2026-08-30T17:47:05+00:00,20260830T174705Z,ollama,local/qwen2.5:3b,judge,0,1,1769,0,0,237,0.000000
2026-08-30T17:47:05+00:00,20260830T174705Z,ollama,local/qwen2.5:3b,judge,0,1,629,0,0,232,0.000000
2026-08-30T17:47:05+00:00,20260830T174705Z,ollama,local/qwen2.5:3b,judge,0,1,709,0,0,217,0.000000
2026-08-30T17:47:05+00:00,20260830T174705Z,ollama,local/qwen2.5:3b,judge,0,1,902,0,0,249,0.000000
2026-08-30T17:47:05+00:00,20260830T174705Z,ollama,local/qwen2.5:3b,judge,0,1,611,0,0,220,0.000000
2026-08-30T17:47:05+00:00,20260830T174705Z,ollama,local/qwen2.5:3b,judge,0,1,658,0,0,204,0.000000
2026-08-30T17:47:05+00:00,20260830T174705Z,ollama,local/qwen2.5:3b,judge,0,1,1282,0,0,262,0.000000
2026-08-30T17:47:05+00:00,20260830T174705Z,ollama,local/qwen2.5:3b,judge,0,1,631,0,0,230,0.000000
2026-08-30T17:47:05+00:00,20260830T174705Z,ollama,local/qwen2.5:3b,judge,0,1,672,0,0,238,0.000000
2026-08-30T17:47:05+00:00,20260830T174705Z,ollama,local/qwen2.5:3b,judge,0,1,631,0,0,234,0.000000
2026-08-30T17:47:05+00:00,20260830T174705Z,ollama,local/qwen2.5:3b,judge,0,1,633,0,0,217,0.000000
2026-08-30T17:47:05+00:00,20260830T174705Z,ollama,local/qwen2.5:3b,judge,0,1,618,0,0,232,0.000000
2026-08-30T17:47:05+00:00,20260830T174705Z,ollama,local/qwen2.5:3b,judge,0,1,703,0,0,212,0.000000
2026-08-30T17:47:05+00:00,20260830T174705Z,ollama,local/qwen2.5:3b,judge,0,1,702,0,0,224,0.000000
2026-08-30T17:47:05+00:00,20260830T174705Z,ollama,local/qwen2.5:3b,judge,0,1,702,0,0,224,0.000000
2026-08-30T17:47:05+00:00,20260830T174705Z,ollama,local/qwen2.5:3b,judge,0,1,679,0,0,226,0.000000
2026-08-30T17:47:05+00:00,20260830T174705Z,ollama,local/qwen2.5:3b,judge,0,1,679,0,0,226,0.000000
2026-08-30T17:47:05+00:00,20260830T174705Z,ollama,local/qwen2.5:3b,judge,0,1,679,0,0,226,0.000000
2026-08-30T17:47:05+00:00,20260830T174705Z,ollama,local/qwen2.5:3b,judge,0,1,679,0,0,226,0.000000
2026-08-30T17:47:05+00:00,20260830T174705Z,ollama,local/qwen2.5:3b,judge,0,1,679,0,0,226,0.000000
2026-08-30T17:47:05+00:00,20260830T174705Z,ollama,local/qwen2.5:3b,judge,0,1,679,0,0,226,0.000000
2026-08-30T17:47:05+00:00,20260830T174705Z,ollama,local/qwen2.5:3b,judge,0,1,656,0,0,234,0.000000
2026-08-30T17:47:05+00:00,20260830T174705Z,ollama,local/qwen2.5:3b,judge,0,1,656,0,0,234,0.000000
2026-08-30T17:47:05+00:00,20260830T174705Z,ollama,local/qwen2.5:3b,judge,0,1,629,0,0,249,0.000000
2026-08-30T17:47:05+00:00,20260830T174705Z,ollama,local/qwen2.5:3b,judge,0,1,686,0,0,234,0.000000
2026-08-30T17:47:05+00:00,20260830T174705Z,ollama,local/qwen2.5:3b,judge,0,1,763,0,0,227,0.000000
2026-08-30T17:47:05+00:00,20260830T174705Z,ollama,local/qwen2.5:3b,judge,0,1,725,0,0,200,0.000000
2026-08-30T17:47:05+00:00,20260830T174705Z,ollama,local/qwen2.5:3b,judge,0,1,651,0,0,213,0.000000
2026-08-30T17:47:05+00:00,20260830T174705Z,ollama,local/qwen2.5:3b,judge,0,1,651,0,0,213,0.000000
2026-08-30T17:47:05+00:00,20260830T174705Z,ollama,local/qwen2.5:3b,judge,0,1,634,0,0,198,0.000000
2026-08-30T17:47:05+00:00,20260830T174705Z,ollama,local/qwen2.5:3b,judge,0,1,664,0,0,213,0.000000
2026-08-30T17:47:05+00:00,20260830T174705Z,ollama,local/qwen2.5:3b,judge,0,1,641,0,0,231,0.000000
2026-08-30T17:47:05+00:00,20260830T174705Z,ollama,local/qwen2.5:3b,judge,0,1,748,0,0,223,0.000000
2026-08-30T17:47:05+00:00,20260830T174705Z,ollama,local/qwen2.5:3b,judge,0,1,676,0,0,276,0.000000
2026-08-30T17:47:05+00:00,20260830T174705Z,ollama,local/qwen2.5:3b,judge,0,1,811,0,0,263,0.000000
2026-08-30T17:47:05+00:00,20260830T174705Z,ollama,local/qwen2.5:3b,judge,0,1,683,0,0,259,0.000000
2026-08-30T17:47:05+00:00,20260830T174705Z,ollama,local/qwen2.5:3b,judge,0,1,1013,0,0,301,0.000000
2026-08-30T17:47:05+00:00,20260830T174705Z,ollama,local/qwen2.5:3b,judge,0,1,998,0,0,269,0.000000
2026-08-30T17:47:05+00:00,20260830T174705Z,ollama,local/qwen2.5:3b,judge,0,1,751,0,0,206,0.000000
2026-08-30T17:47:05+00:00,20260830T174705Z,ollama,local/qwen2.5:3b,judge,0,1,842,0,0,260,0.000000
2026-08-30T17:47:05+00:00,20260830T174705Z,ollama,local/qwen2.5:3b,judge,0,1,640,0,0,234,0.000000
2026-08-30T17:47:05+00:00,20260830T174705Z,ollama,local/qwen2.5:3b,judge,0,1,640,0,0,234,0.000000
2026-08-30T17:47:05+00:00,20260830T174705Z,ollama,local/qwen2.5:3b,judge,0,1,726,0,0,253,0.000000
2026-08-30T17:47:05+00:00,20260830T174705Z,ollama,local/qwen2.5:3b,judge,0,1,750,0,0,192,0.000000
2026-09-02T17:39:01+00:00,20260902T173739Z,ollama,llama3.2:3b,simulate,0,1,1425,0,0,78,0.000000
2026-09-02T17:39:48+00:00,20260902T173739Z,ollama,llama3.2:3b,simulate,0,1,1484,0,0,73,0.000000
2026-09-02T17:40:33+00:00,20260902T173739Z,ollama,llama3.2:3b,simulate,0,1,1466,0,0,76,0.000000
2026-09-02T17:41:06+00:00,20260902T173739Z,ollama,llama3.2:3b,simulate,0,1,1439,0,0,118,0.000000
2026-09-02T17:42:04+00:00,20260902T173739Z,ollama,llama3.2:3b,simulate,0,1,1538,0,0,87,0.000000
2026-09-02T17:42:37+00:00,20260902T173739Z,ollama,llama3.2:3b,simulate,0,1,1465,0,0,102,0.000000
2026-09-02T17:42:37+00:00,20260902T173739Z,ollama,llama3.2:3b,simulate,0,1,1450,0,0,91,0.000000
2026-09-02T17:42:58+00:00,20260902T173739Z,ollama,llama3.2:3b,simulate,0,1,1430,0,0,48,0.000000
2026-09-02T17:43:43+00:00,20260902T173739Z,ollama,llama3.2:3b,simulate,0,1,1416,0,0,63,0.000000
2026-09-02T17:44:05+00:00,20260902T173739Z,ollama,llama3.2:3b,simulate,0,1,1491,0,0,72,0.000000
2026-09-02T17:44:53+00:00,20260902T173739Z,ollama,llama3.2:3b,simulate,0,1,1499,0,0,75,0.000000
2026-09-02T17:45:30+00:00,20260902T173739Z,ollama,llama3.2:3b,simulate,0,1,1536,0,0,146,0.000000
2026-09-02T17:45:49+00:00,20260902T173739Z,ollama,llama3.2:3b,simulate,0,1,1391,0,0,63,0.000000
2026-09-02T17:46:12+00:00,20260902T173739Z,ollama,llama3.2:3b,simulate,0,1,1471,0,0,79,0.000000
2026-09-02T17:46:12+00:00,20260902T173739Z,ollama,llama3.2:3b,simulate,0,1,1441,0,0,69,0.000000
2026-09-02T17:46:32+00:00,20260902T173739Z,ollama,llama3.2:3b,simulate,0,1,1430,0,0,75,0.000000
2026-09-02T17:46:51+00:00,20260902T173739Z,ollama,llama3.2:3b,simulate,0,1,1439,0,0,76,0.000000
2026-09-02T17:47:13+00:00,20260902T173739Z,ollama,llama3.2:3b,simulate,0,1,1467,0,0,74,0.000000
2026-09-02T17:47:43+00:00,20260902T173739Z,ollama,llama3.2:3b,simulate,0,1,1537,0,0,72,0.000000
2026-09-02T17:47:43+00:00,20260902T173739Z,ollama,llama3.2:3b,simulate,0,1,1421,0,0,61,0.000000
2026-09-02T17:48:15+00:00,20260902T173739Z,ollama,llama3.2:3b,simulate,0,1,1622,0,0,87,0.000000
2026-09-02T17:48:48+00:00,20260902T173739Z,ollama,llama3.2:3b,simulate,0,1,1707,0,0,61,0.000000
2026-09-02T17:49:25+00:00,20260902T173739Z,ollama,llama3.2:3b,simulate,0,1,1724,0,0,78,0.000000
2026-09-02T17:49:25+00:00,20260902T173739Z,ollama,llama3.2:3b,simulate,0,1,1707,0,0,61,0.000000
2026-09-02T17:49:52+00:00,20260902T173739Z,ollama,llama3.2:3b,simulate,0,1,1471,0,0,104,0.000000
2026-09-02T17:50:20+00:00,20260902T173739Z,ollama,llama3.2:3b,simulate,0,1,1464,0,0,83,0.000000
2026-09-02T17:50:41+00:00,20260902T173739Z,ollama,llama3.2:3b,simulate,0,1,1419,0,0,59,0.000000
2026-09-02T17:51:06+00:00,20260902T173739Z,ollama,llama3.2:3b,simulate,0,1,1433,0,0,82,0.000000
2026-09-02T17:51:06+00:00,20260902T173739Z,ollama,llama3.2:3b,simulate,0,1,1433,0,0,82,0.000000
2026-09-02T17:51:23+00:00,20260902T173739Z,ollama,llama3.2:3b,simulate,0,1,1439,0,0,56,0.000000
2026-09-02T17:51:23+00:00,20260902T173739Z,ollama,llama3.2:3b,simulate,0,1,1439,0,0,56,0.000000
2026-09-02T17:51:23+00:00,20260902T173739Z,ollama,llama3.2:3b,simulate,0,1,1439,0,0,56,0.000000
2026-09-02T17:51:23+00:00,20260902T173739Z,ollama,llama3.2:3b,simulate,0,1,1439,0,0,56,0.000000
2026-09-02T17:51:54+00:00,20260902T173739Z,ollama,llama3.2:3b,simulate,0,1,1431,0,0,84,0.000000
2026-09-02T17:52:22+00:00,20260902T173739Z,ollama,llama3.2:3b,simulate,0,1,1518,0,0,88,0.000000
2026-09-02T17:52:22+00:00,20260902T173739Z,ollama,llama3.2:3b,simulate,0,1,1518,0,0,88,0.000000
2026-09-02T17:52:53+00:00,20260902T173739Z,ollama,llama3.2:3b,simulate,0,1,1446,0,0,77,0.000000
2026-09-02T17:53:17+00:00,20260902T173739Z,ollama,llama3.2:3b,simulate,0,1,1456,0,0,82,0.000000
2026-09-02T17:53:46+00:00,20260902T173739Z,ollama,llama3.2:3b,simulate,0,1,1481,0,0,103,0.000000
2026-09-02T17:54:05+00:00,20260902T173739Z,ollama,llama3.2:3b,simulate,0,1,1421,0,0,57,0.000000
2026-09-02T17:54:05+00:00,20260902T173739Z,ollama,llama3.2:3b,simulate,0,1,1421,0,0,57,0.000000
2026-09-02T17:54:05+00:00,20260902T173739Z,ollama,llama3.2:3b,simulate,0,1,1421,0,0,57,0.000000
2026-09-02T17:54:39+00:00,20260902T173739Z,ollama,llama3.2:3b,simulate,0,1,1552,0,0,116,0.000000
2026-09-02T17:54:39+00:00,20260902T173739Z,ollama,llama3.2:3b,simulate,0,1,1412,0,0,111,0.000000
2026-09-02T17:55:13+00:00,20260902T173739Z,ollama,llama3.2:3b,simulate,0,1,1531,0,0,111,0.000000
2026-09-02T17:55:13+00:00,20260902T173739Z,ollama,llama3.2:3b,simulate,0,1,1412,0,0,111,0.000000
2026-09-02T17:56:08+00:00,20260902T173739Z,ollama,llama3.2:3b,simulate,0,1,1845,0,0,166,0.000000
2026-09-02T17:56:35+00:00,20260902T173739Z,ollama,llama3.2:3b,simulate,0,1,1460,0,0,103,0.000000
2026-09-02T17:56:35+00:00,20260902T173739Z,ollama,llama3.2:3b,simulate,0,1,1460,0,0,103,0.000000
2026-09-02T17:56:35+00:00,20260902T173739Z,ollama,llama3.2:3b,simulate,0,1,1460,0,0,103,0.000000
2026-09-02T17:56:35+00:00,20260902T173739Z,ollama,llama3.2:3b,simulate,0,1,1460,0,0,103,0.000000
2026-09-02T17:56:35+00:00,20260902T173739Z,ollama,llama3.2:3b,simulate,0,1,1460,0,0,103,0.000000
2026-09-02T17:56:35+00:00,20260902T173739Z,ollama,llama3.2:3b,simulate,0,1,1460,0,0,103,0.000000
2026-09-02T17:56:35+00:00,20260902T173739Z,ollama,llama3.2:3b,simulate,0,1,1460,0,0,103,0.000000
2026-09-02T17:56:35+00:00,20260902T173739Z,ollama,llama3.2:3b,simulate,0,1,1460,0,0,103,0.000000
2026-09-02T17:57:06+00:00,20260902T173739Z,ollama,llama3.2:3b,simulate,0,1,1535,0,0,100,0.000000
2026-09-02T17:57:32+00:00,20260902T173739Z,ollama,llama3.2:3b,simulate,0,1,1428,0,0,69,0.000000
2026-09-02T17:57:58+00:00,20260902T173739Z,ollama,llama3.2:3b,simulate,0,1,1506,0,0,96,0.000000
2026-09-02T17:58:25+00:00,20260902T173739Z,ollama,llama3.2:3b,simulate,0,1,1512,0,0,105,0.000000
2026-09-02T17:58:47+00:00,20260902T173739Z,ollama,llama3.2:3b,simulate,0,1,1408,0,0,59,0.000000
2026-09-02T17:58:47+00:00,20260902T173739Z,ollama,llama3.2:3b,simulate,0,1,1444,0,0,106,0.000000
2026-09-02T17:59:04+00:00,20260902T173739Z,ollama,llama3.2:3b,simulate,0,1,1436,0,0,59,0.000000
2026-09-02T17:59:32+00:00,20260902T173739Z,ollama,llama3.2:3b,simulate,0,1,1515,0,0,92,0.000000
2026-09-02T18:00:05+00:00,20260902T173739Z,ollama,llama3.2:3b,simulate,0,1,1457,0,0,101,0.000000
2026-09-02T18:00:05+00:00,20260902T173739Z,ollama,llama3.2:3b,simulate,0,1,1457,0,0,101,0.000000
2026-09-02T18:00:05+00:00,20260902T173739Z,ollama,llama3.2:3b,simulate,0,1,1442,0,0,77,0.000000
2026-09-02T18:00:05+00:00,20260902T173739Z,ollama,llama3.2:3b,simulate,0,1,1457,0,0,101,0.000000
2026-09-02T18:00:30+00:00,20260902T173739Z,ollama,llama3.2:3b,simulate,0,1,1451,0,0,71,0.000000
2026-09-02T18:00:30+00:00,20260902T173739Z,ollama,llama3.2:3b,simulate,0,1,1368,0,0,54,0.000000
2026-09-02T18:00:30+00:00,20260902T173739Z,ollama,llama3.2:3b,simulate,0,1,1368,0,0,54,0.000000
2026-09-02T18:00:57+00:00,20260902T173739Z,ollama,llama3.2:3b,simulate,0,1,1467,0,0,101,0.000000
2026-09-02T18:01:17+00:00,20260902T173739Z,ollama,llama3.2:3b,simulate,0,1,1463,0,0,70,0.000000
2026-09-02T18:01:41+00:00,20260902T173739Z,ollama,llama3.2:3b,simulate,0,1,1399,0,0,66,0.000000
2026-09-02T18:02:08+00:00,20260902T173739Z,ollama,llama3.2:3b,simulate,0,1,1524,0,0,69,0.000000
2026-09-02T18:02:35+00:00,20260902T173739Z,ollama,llama3.2:3b,simulate,0,1,1498,0,0,92,0.000000
2026-09-02T18:03:25+00:00,20260902T173739Z,ollama,llama3.2:3b,simulate,0,1,1469,0,0,93,0.000000
2026-09-02T18:04:08+00:00,20260902T173739Z,ollama,llama3.2:3b,simulate,0,1,1412,0,0,69,0.000000
2026-09-02T18:04:40+00:00,20260902T173739Z,ollama,llama3.2:3b,simulate,0,1,1457,0,0,94,0.000000
2026-09-02T18:04:40+00:00,20260902T173739Z,ollama,llama3.2:3b,simulate,0,1,1457,0,0,94,0.000000
2026-09-02T18:04:40+00:00,20260902T173739Z,ollama,llama3.2:3b,simulate,0,1,1411,0,0,63,0.000000
2026-09-02T18:04:40+00:00,20260902T173739Z,ollama,llama3.2:3b,simulate,0,1,1461,0,0,88,0.000000
2026-09-02T18:05:10+00:00,20260902T173739Z,ollama,llama3.2:3b,simulate,0,1,1652,0,0,62,0.000000
2026-09-02T18:05:42+00:00,20260902T173739Z,ollama,llama3.2:3b,simulate,0,1,1627,0,0,92,0.000000
2026-09-02T18:06:01+00:00,20260902T173739Z,ollama,llama3.2:3b,simulate,0,1,1384,0,0,71,0.000000
2026-09-02T18:06:54+00:00,20260902T173739Z,ollama,llama3.2:3b,simulate,0,1,2040,0,0,107,0.000000
2026-09-02T18:06:54+00:00,20260902T173739Z,ollama,llama3.2:3b,simulate,0,1,2040,0,0,107,0.000000
2026-09-02T18:07:33+00:00,20260902T173739Z,ollama,llama3.2:3b,simulate,0,1,1575,0,0,138,0.000000
2026-09-02T18:08:05+00:00,20260902T173739Z,ollama,llama3.2:3b,simulate,0,1,1510,0,0,102,0.000000
2026-09-02T18:08:05+00:00,20260902T173739Z,ollama,llama3.2:3b,simulate,0,1,1384,0,0,89,0.000000
2026-09-02T18:08:43+00:00,20260902T173739Z,ollama,llama3.2:3b,simulate,0,1,1461,0,0,107,0.000000
2026-09-02T18:08:43+00:00,20260902T173739Z,ollama,llama3.2:3b,simulate,0,1,1422,0,0,108,0.000000
2026-09-02T18:09:13+00:00,20260902T173739Z,ollama,llama3.2:3b,simulate,0,1,1516,0,0,80,0.000000
2026-09-02T18:09:13+00:00,20260902T173739Z,ollama,llama3.2:3b,simulate,0,1,1516,0,0,80,0.000000
2026-09-02T18:09:33+00:00,20260902T173739Z,ollama,llama3.2:3b,simulate,0,1,1460,0,0,82,0.000000
2026-09-02T18:10:10+00:00,20260902T173739Z,ollama,llama3.2:3b,simulate,0,1,1524,0,0,143,0.000000
2026-09-02T18:10:37+00:00,20260902T173739Z,ollama,llama3.2:3b,simulate,0,1,1512,0,0,87,0.000000
2026-09-02T18:10:37+00:00,20260902T173739Z,ollama,llama3.2:3b,simulate,0,1,1431,0,0,58,0.000000
2026-09-02T18:11:00+00:00,20260902T173739Z,ollama,llama3.2:3b,simulate,0,1,1461,0,0,68,0.000000
2026-09-02T18:11:00+00:00,20260902T173739Z,ollama,llama3.2:3b,simulate,0,1,1431,0,0,58,0.000000
2026-09-02T18:11:00+00:00,20260902T173739Z,ollama,llama3.2:3b,simulate,0,1,1431,0,0,58,0.000000
2026-09-02T18:11:00+00:00,20260902T173739Z,ollama,llama3.2:3b,simulate,0,1,1431,0,0,58,0.000000
2026-09-02T18:11:00+00:00,20260902T173739Z,ollama,llama3.2:3b,simulate,0,1,1461,0,0,68,0.000000
2026-09-02T18:11:00+00:00,20260902T173739Z,ollama,llama3.2:3b,simulate,0,1,1461,0,0,68,0.000000
2026-09-02T18:11:00+00:00,20260902T173739Z,ollama,llama3.2:3b,simulate,0,1,1461,0,0,68,0.000000
2026-09-02T18:11:00+00:00,20260902T173739Z,ollama,llama3.2:3b,simulate,0,1,1461,0,0,68,0.000000
2026-09-02T18:11:00+00:00,20260902T173739Z,ollama,llama3.2:3b,simulate,0,1,1461,0,0,68,0.000000
2026-09-02T18:11:00+00:00,20260902T173739Z,ollama,llama3.2:3b,simulate,0,1,1461,0,0,68,0.000000
2026-09-02T18:11:28+00:00,20260902T173739Z,ollama,llama3.2:3b,simulate,0,1,1449,0,0,97,0.000000
2026-09-02T18:11:53+00:00,20260902T173739Z,ollama,llama3.2:3b,simulate,0,1,1488,0,0,95,0.000000
2026-09-02T18:12:16+00:00,20260902T173739Z,ollama,llama3.2:3b,simulate,0,1,1429,0,0,64,0.000000
2026-09-02T18:12:16+00:00,20260902T173739Z,ollama,llama3.2:3b,simulate,0,1,1382,0,0,89,0.000000
2026-09-02T18:12:16+00:00,20260902T173739Z,ollama,llama3.2:3b,simulate,0,1,1477,0,0,72,0.000000
2026-09-02T18:12:42+00:00,20260902T173739Z,ollama,llama3.2:3b,simulate,0,1,1507,0,0,76,0.000000
2026-09-02T18:12:42+00:00,20260902T173739Z,ollama,llama3.2:3b,simulate,0,1,1477,0,0,72,0.000000
2026-09-02T18:13:11+00:00,20260902T173739Z,ollama,llama3.2:3b,simulate,0,1,1468,0,0,79,0.000000
2026-09-02T18:13:35+00:00,20260902T173739Z,ollama,llama3.2:3b,simulate,0,1,1430,0,0,77,0.000000
2026-09-02T18:13:59+00:00,20260902T173739Z,ollama,llama3.2:3b,simulate,0,1,1403,0,0,67,0.000000
2026-09-02T18:14:21+00:00,20260902T173739Z,ollama,llama3.2:3b,simulate,0,1,1401,0,0,69,0.000000
2026-09-02T18:14:21+00:00,20260902T173739Z,ollama,llama3.2:3b,simulate,0,1,1401,0,0,69,0.000000
2026-09-02T18:14:45+00:00,20260902T173739Z,ollama,llama3.2:3b,simulate,0,1,1417,0,0,90,0.000000
2026-09-02T18:15:10+00:00,20260902T173739Z,ollama,llama3.2:3b,simulate,0,1,1440,0,0,79,0.000000
2026-09-02T18:16:02+00:00,20260902T173739Z,ollama,llama3.2:3b,simulate,0,1,1760,0,0,162,0.000000
2026-09-02T18:16:02+00:00,20260902T173739Z,ollama,llama3.2:3b,simulate,0,1,1384,0,0,75,0.000000
2026-09-02T18:16:31+00:00,20260902T173739Z,ollama,llama3.2:3b,simulate,0,1,1504,0,0,88,0.000000
2026-09-02T18:16:59+00:00,20260902T173739Z,ollama,llama3.2:3b,simulate,0,1,1466,0,0,83,0.000000
2026-09-02T18:17:20+00:00,20260902T173739Z,ollama,llama3.2:3b,simulate,0,1,1451,0,0,78,0.000000
2026-09-02T18:17:42+00:00,20260902T173739Z,ollama,llama3.2:3b,simulate,0,1,1392,0,0,65,0.000000
2026-09-02T18:17:42+00:00,20260902T173739Z,ollama,llama3.2:3b,simulate,0,1,1392,0,0,65,0.000000
2026-09-02T18:17:42+00:00,20260902T173739Z,ollama,llama3.2:3b,simulate,0,1,1434,0,0,74,0.000000
2026-09-02T18:17:42+00:00,20260902T173739Z,ollama,llama3.2:3b,simulate,0,1,1461,0,0,106,0.000000
2026-09-02T18:18:10+00:00,20260902T173739Z,ollama,llama3.2:3b,simulate,0,1,1513,0,0,84,0.000000
2026-09-02T18:18:33+00:00,20260902T173739Z,ollama,llama3.2:3b,simulate,0,1,1554,0,0,74,0.000000
2026-09-02T18:19:00+00:00,20260902T173739Z,ollama,llama3.2:3b,simulate,0,1,1401,0,0,96,0.000000
2026-09-02T18:19:00+00:00,20260902T173739Z,ollama,llama3.2:3b,simulate,0,1,1401,0,0,96,0.000000
2026-09-02T18:19:00+00:00,20260902T173739Z,ollama,llama3.2:3b,simulate,0,1,1570,0,0,95,0.000000
2026-09-02T18:19:00+00:00,20260902T173739Z,ollama,llama3.2:3b,simulate,0,1,1570,0,0,95,0.000000
2026-09-02T18:19:23+00:00,20260902T173739Z,ollama,llama3.2:3b,simulate,0,1,1392,0,0,78,0.000000
2026-09-02T18:19:23+00:00,20260902T173739Z,ollama,llama3.2:3b,simulate,0,1,1511,0,0,109,0.000000
2026-09-02T18:19:42+00:00,20260902T173739Z,ollama,llama3.2:3b,simulate,0,1,1401,0,0,81,0.000000
2026-09-02T18:20:05+00:00,20260902T173739Z,ollama,llama3.2:3b,simulate,0,1,1401,0,0,78,0.000000
2026-09-02T18:20:28+00:00,20260902T173739Z,ollama,llama3.2:3b,simulate,0,1,1475,0,0,62,0.000000
2026-09-02T18:20:54+00:00,20260902T173739Z,ollama,llama3.2:3b,simulate,0,1,1435,0,0,76,0.000000
2026-09-02T18:21:15+00:00,20260902T173739Z,ollama,llama3.2:3b,simulate,0,1,1453,0,0,82,0.000000
2026-09-02T18:21:15+00:00,20260902T173739Z,ollama,llama3.2:3b,simulate,0,1,1453,0,0,82,0.000000
2026-09-02T18:21:38+00:00,20260902T173739Z,ollama,llama3.2:3b,simulate,0,1,1473,0,0,83,0.000000
2026-09-02T18:22:09+00:00,20260902T173739Z,ollama,llama3.2:3b,simulate,0,1,1487,0,0,104,0.000000
2026-09-02T18:22:50+00:00,20260902T173739Z,ollama,llama3.2:3b,simulate,0,1,1757,0,0,86,0.000000
2026-09-02T18:22:50+00:00,20260902T173739Z,ollama,llama3.2:3b,simulate,0,1,1470,0,0,88,0.000000
2026-09-02T18:22:50+00:00,20260902T173739Z,ollama,llama3.2:3b,simulate,0,1,1470,0,0,88,0.000000
2026-09-02T18:23:19+00:00,20260902T173739Z,ollama,llama3.2:3b,simulate,0,1,1485,0,0,65,0.000000
2026-09-02T18:23:47+00:00,20260902T173739Z,ollama,llama3.2:3b,simulate,0,1,1466,0,0,98,0.000000
2026-09-02T18:24:10+00:00,20260902T173739Z,ollama,llama3.2:3b,simulate,0,1,1430,0,0,74,0.000000
2026-09-02T18:24:46+00:00,20260902T173739Z,ollama,llama3.2:3b,simulate,0,1,1476,0,0,91,0.000000
2026-09-02T18:24:46+00:00,20260902T173739Z,ollama,llama3.2:3b,simulate,0,1,1476,0,0,91,0.000000
2026-09-02T18:25:10+00:00,20260902T173739Z,ollama,llama3.2:3b,simulate,0,1,1426,0,0,101,0.000000
2026-09-02T18:25:39+00:00,20260902T173739Z,ollama,llama3.2:3b,simulate,0,1,1397,0,0,88,0.000000
2026-09-02T18:25:39+00:00,20260902T173739Z,ollama,llama3.2:3b,simulate,0,1,1397,0,0,88,0.000000
2026-09-02T18:26:25+00:00,20260902T173739Z,ollama,llama3.2:3b,simulate,0,1,1870,0,0,98,0.000000
2026-09-02T18:26:57+00:00,20260902T173739Z,ollama,llama3.2:3b,simulate,0,1,1487,0,0,112,0.000000
2026-09-02T18:27:23+00:00,20260902T173739Z,ollama,llama3.2:3b,simulate,0,1,1481,0,0,86,0.000000
2026-09-02T18:27:23+00:00,20260902T173739Z,ollama,llama3.2:3b,simulate,0,1,1416,0,0,73,0.000000
2026-09-02T18:27:52+00:00,20260902T173739Z,ollama,llama3.2:3b,simulate,0,1,1641,0,0,73,0.000000
2026-09-02T18:27:52+00:00,20260902T173739Z,ollama,llama3.2:3b,simulate,0,1,1641,0,0,73,0.000000
2026-09-02T18:28:18+00:00,20260902T173739Z,ollama,llama3.2:3b,simulate,0,1,1419,0,0,79,0.000000
2026-09-02T18:28:51+00:00,20260902T173739Z,ollama,llama3.2:3b,simulate,0,1,1504,0,0,113,0.000000
2026-09-02T18:29:35+00:00,20260902T173739Z,ollama,llama3.2:3b,simulate,0,1,1908,0,0,101,0.000000
2026-09-02T18:29:35+00:00,20260902T173739Z,ollama,llama3.2:3b,simulate,0,1,1734,0,0,106,0.000000
2026-09-02T18:30:06+00:00,20260902T173739Z,ollama,llama3.2:3b,simulate,0,1,1452,0,0,82,0.000000
2026-09-02T18:30:37+00:00,20260902T173739Z,ollama,llama3.2:3b,simulate,0,1,1578,0,0,100,0.000000
2026-09-02T18:31:05+00:00,20260902T173739Z,ollama,llama3.2:3b,simulate,0,1,1476,0,0,82,0.000000
2026-09-02T18:31:40+00:00,20260902T173739Z,ollama,llama3.2:3b,simulate,0,1,1589,0,0,109,0.000000
2026-09-02T18:32:02+00:00,20260902T173739Z,ollama,llama3.2:3b,simulate,0,1,1410,0,0,84,0.000000
2026-09-02T18:32:48+00:00,20260902T173739Z,ollama,llama3.2:3b,simulate,0,1,1361,0,0,81,0.000000
2026-09-02T18:33:16+00:00,20260902T173739Z,ollama,llama3.2:3b,simulate,0,1,1613,0,0,78,0.000000
2026-09-02T18:33:16+00:00,20260902T173739Z,ollama,llama3.2:3b,simulate,0,1,1402,0,0,93,0.000000
2026-09-02T18:33:16+00:00,20260902T173739Z,ollama,llama3.2:3b,simulate,0,1,1402,0,0,93,0.000000
2026-09-02T18:33:16+00:00,20260902T173739Z,ollama,llama3.2:3b,simulate,0,1,1402,0,0,93,0.000000
2026-09-02T18:33:16+00:00,20260902T173739Z,ollama,llama3.2:3b,simulate,0,1,1402,0,0,93,0.000000
2026-09-02T18:33:41+00:00,20260902T173739Z,ollama,llama3.2:3b,simulate,0,1,1437,0,0,85,0.000000
2026-09-02T18:33:41+00:00,20260902T173739Z,ollama,llama3.2:3b,simulate,0,1,1438,0,0,73,0.000000
2026-09-02T18:33:41+00:00,20260902T173739Z,ollama,llama3.2:3b,simulate,0,1,1598,0,0,74,0.000000
2026-09-02T18:34:04+00:00,20260902T173739Z,ollama,llama3.2:3b,simulate,0,1,1518,0,0,62,0.000000
2026-09-02T18:34:31+00:00,20260902T173739Z,ollama,llama3.2:3b,simulate,0,1,1523,0,0,99,0.000000
2026-09-04T09:30:18+00:00,20260904T092913Z,ollama,llama3.2:3b,simulate,0,1,1432,0,0,64,0.000000
2026-09-04T09:30:40+00:00,20260904T092913Z,ollama,llama3.2:3b,simulate,0,1,1444,0,0,105,0.000000
2026-09-04T09:30:59+00:00,20260904T092913Z,ollama,llama3.2:3b,simulate,0,1,1430,0,0,62,0.000000
2026-09-04T09:31:17+00:00,20260904T092913Z,ollama,llama3.2:3b,simulate,0,1,1446,0,0,76,0.000000
2026-09-04T09:32:52+00:00,20260904T093252Z,ollama,llama3.2:3b,simulate,0,1,1432,0,0,64,0.000000
2026-09-04T09:32:52+00:00,20260904T093252Z,ollama,llama3.2:3b,simulate,0,1,1444,0,0,105,0.000000
2026-09-04T09:32:52+00:00,20260904T093252Z,ollama,llama3.2:3b,simulate,0,1,1430,0,0,62,0.000000
2026-09-04T09:32:52+00:00,20260904T093252Z,ollama,llama3.2:3b,simulate,0,1,1446,0,0,76,0.000000
2026-09-04T09:33:08+00:00,20260904T093252Z,ollama,llama3.2:3b,simulate,0,1,1414,0,0,58,0.000000
2026-09-04T09:33:30+00:00,20260904T093252Z,ollama,llama3.2:3b,simulate,0,1,1426,0,0,84,0.000000
2026-09-04T09:33:50+00:00,20260904T093252Z,ollama,llama3.2:3b,simulate,0,1,1403,0,0,80,0.000000
2026-09-04T09:34:07+00:00,20260904T093252Z,ollama,llama3.2:3b,simulate,0,1,1419,0,0,70,0.000000
2026-09-04T09:34:30+00:00,20260904T093252Z,ollama,llama3.2:3b,simulate,0,1,1431,0,0,76,0.000000
2026-09-04T09:34:48+00:00,20260904T093252Z,ollama,llama3.2:3b,simulate,0,1,1443,0,0,71,0.000000
2026-09-04T09:35:05+00:00,20260904T093252Z,ollama,llama3.2:3b,simulate,0,1,1429,0,0,59,0.000000
2026-09-04T09:35:21+00:00,20260904T093252Z,ollama,llama3.2:3b,simulate,0,1,1445,0,0,58,0.000000
2026-09-04T09:35:38+00:00,20260904T093252Z,ollama,llama3.2:3b,simulate,0,1,1413,0,0,48,0.000000
2026-09-04T09:35:58+00:00,20260904T093252Z,ollama,llama3.2:3b,simulate,0,1,1425,0,0,86,0.000000
2026-09-04T09:36:16+00:00,20260904T093252Z,ollama,llama3.2:3b,simulate,0,1,1402,0,0,64,0.000000
2026-09-04T09:36:32+00:00,20260904T093252Z,ollama,llama3.2:3b,simulate,0,1,1418,0,0,68,0.000000
2026-09-04T09:36:55+00:00,20260904T093252Z,ollama,llama3.2:3b,simulate,0,1,1415,0,0,66,0.000000
2026-09-04T09:37:14+00:00,20260904T093252Z,ollama,llama3.2:3b,simulate,0,1,1427,0,0,84,0.000000
2026-09-04T09:37:38+00:00,20260904T093252Z,ollama,llama3.2:3b,simulate,0,1,1413,0,0,96,0.000000
2026-09-04T09:37:59+00:00,20260904T093252Z,ollama,llama3.2:3b,simulate,0,1,1429,0,0,80,0.000000
2026-09-04T09:38:18+00:00,20260904T093252Z,ollama,llama3.2:3b,simulate,0,1,1397,0,0,79,0.000000
2026-09-04T09:38:40+00:00,20260904T093252Z,ollama,llama3.2:3b,simulate,0,1,1409,0,0,70,0.000000
2026-09-04T09:39:04+00:00,20260904T093252Z,ollama,llama3.2:3b,simulate,0,1,1386,0,0,93,0.000000
2026-09-04T09:39:25+00:00,20260904T093252Z,ollama,llama3.2:3b,simulate,0,1,1402,0,0,90,0.000000
2026-09-04T09:40:07+00:00,20260904T093252Z,ollama,llama3.2:3b,simulate,0,1,1427,0,0,78,0.000000
2026-09-04T09:40:30+00:00,20260904T093252Z,ollama,llama3.2:3b,simulate,0,1,1439,0,0,87,0.000000
2026-09-04T09:40:48+00:00,20260904T093252Z,ollama,llama3.2:3b,simulate,0,1,1425,0,0,60,0.000000
2026-09-04T09:41:08+00:00,20260904T093252Z,ollama,llama3.2:3b,simulate,0,1,1441,0,0,65,0.000000
2026-09-04T09:41:31+00:00,20260904T093252Z,ollama,llama3.2:3b,simulate,0,1,1409,0,0,78,0.000000
2026-09-04T09:41:57+00:00,20260904T093252Z,ollama,llama3.2:3b,simulate,0,1,1421,0,0,85,0.000000
2026-09-04T09:42:15+00:00,20260904T093252Z,ollama,llama3.2:3b,simulate,0,1,1398,0,0,73,0.000000
2026-09-04T09:42:34+00:00,20260904T093252Z,ollama,llama3.2:3b,simulate,0,1,1414,0,0,65,0.000000
2026-09-04T09:42:53+00:00,20260904T093252Z,ollama,llama3.2:3b,simulate,0,1,1426,0,0,63,0.000000
2026-09-04T09:43:16+00:00,20260904T093252Z,ollama,llama3.2:3b,simulate,0,1,1438,0,0,98,0.000000
2026-09-04T09:43:39+00:00,20260904T093252Z,ollama,llama3.2:3b,simulate,0,1,1424,0,0,96,0.000000
2026-09-04T09:44:00+00:00,20260904T093252Z,ollama,llama3.2:3b,simulate,0,1,1440,0,0,95,0.000000
2026-09-04T09:44:22+00:00,20260904T093252Z,ollama,llama3.2:3b,simulate,0,1,1408,0,0,73,0.000000
2026-09-04T09:44:38+00:00,20260904T093252Z,ollama,llama3.2:3b,simulate,0,1,1420,0,0,64,0.000000
2026-09-04T09:44:57+00:00,20260904T093252Z,ollama,llama3.2:3b,simulate,0,1,1397,0,0,70,0.000000
2026-09-04T09:45:14+00:00,20260904T093252Z,ollama,llama3.2:3b,simulate,0,1,1413,0,0,68,0.000000
2026-09-04T09:45:37+00:00,20260904T093252Z,ollama,llama3.2:3b,simulate,0,1,1422,0,0,78,0.000000
2026-09-04T09:46:01+00:00,20260904T093252Z,ollama,llama3.2:3b,simulate,0,1,1434,0,0,86,0.000000
2026-09-04T09:46:20+00:00,20260904T093252Z,ollama,llama3.2:3b,simulate,0,1,1420,0,0,84,0.000000
2026-09-04T09:46:46+00:00,20260904T093252Z,ollama,llama3.2:3b,simulate,0,1,1436,0,0,100,0.000000
2026-09-04T09:47:17+00:00,20260904T093252Z,ollama,llama3.2:3b,simulate,0,1,1404,0,0,130,0.000000
2026-09-04T09:47:35+00:00,20260904T093252Z,ollama,llama3.2:3b,simulate,0,1,1416,0,0,78,0.000000
2026-09-04T09:47:55+00:00,20260904T093252Z,ollama,llama3.2:3b,simulate,0,1,1393,0,0,67,0.000000
2026-09-04T09:48:19+00:00,20260904T093252Z,ollama,llama3.2:3b,simulate,0,1,1409,0,0,94,0.000000
2026-09-04T09:48:53+00:00,20260904T093252Z,ollama,llama3.2:3b,simulate,0,1,1414,0,0,70,0.000000
2026-09-04T09:49:05+00:00,20260904T093252Z,ollama,llama3.2:3b,simulate,0,1,1426,0,0,61,0.000000
2026-09-04T09:49:20+00:00,20260904T093252Z,ollama,llama3.2:3b,simulate,0,1,1412,0,0,90,0.000000
2026-09-04T09:49:37+00:00,20260904T093252Z,ollama,llama3.2:3b,simulate,0,1,1428,0,0,78,0.000000
2026-09-04T09:49:49+00:00,20260904T093252Z,ollama,llama3.2:3b,simulate,0,1,1396,0,0,68,0.000000
2026-09-04T09:50:05+00:00,20260904T093252Z,ollama,llama3.2:3b,simulate,0,1,1408,0,0,75,0.000000
2026-09-04T09:50:17+00:00,20260904T093252Z,ollama,llama3.2:3b,simulate,0,1,1385,0,0,72,0.000000
2026-09-04T09:50:29+00:00,20260904T093252Z,ollama,llama3.2:3b,simulate,0,1,1401,0,0,67,0.000000
2026-09-04T09:50:45+00:00,20260904T093252Z,ollama,llama3.2:3b,simulate,0,1,1413,0,0,80,0.000000
2026-09-04T09:50:58+00:00,20260904T093252Z,ollama,llama3.2:3b,simulate,0,1,1425,0,0,79,0.000000
2026-09-04T09:51:13+00:00,20260904T093252Z,ollama,llama3.2:3b,simulate,0,1,1411,0,0,70,0.000000
2026-09-04T09:51:29+00:00,20260904T093252Z,ollama,llama3.2:3b,simulate,0,1,1427,0,0,103,0.000000
2026-09-04T09:51:41+00:00,20260904T093252Z,ollama,llama3.2:3b,simulate,0,1,1395,0,0,59,0.000000
2026-09-04T09:51:56+00:00,20260904T093252Z,ollama,llama3.2:3b,simulate,0,1,1407,0,0,60,0.000000
2026-09-04T09:52:08+00:00,20260904T093252Z,ollama,llama3.2:3b,simulate,0,1,1384,0,0,70,0.000000
2026-09-04T09:52:23+00:00,20260904T093252Z,ollama,llama3.2:3b,simulate,0,1,1400,0,0,65,0.000000
2026-09-04T09:52:38+00:00,20260904T093252Z,ollama,llama3.2:3b,simulate,0,1,1409,0,0,70,0.000000
2026-09-04T09:52:55+00:00,20260904T093252Z,ollama,llama3.2:3b,simulate,0,1,1421,0,0,84,0.000000
2026-09-04T09:53:07+00:00,20260904T093252Z,ollama,llama3.2:3b,simulate,0,1,1407,0,0,66,0.000000
2026-09-04T09:53:22+00:00,20260904T093252Z,ollama,llama3.2:3b,simulate,0,1,1423,0,0,106,0.000000
2026-09-04T09:53:41+00:00,20260904T093252Z,ollama,llama3.2:3b,simulate,0,1,1391,0,0,78,0.000000
2026-09-04T09:53:54+00:00,20260904T093252Z,ollama,llama3.2:3b,simulate,0,1,1403,0,0,66,0.000000
2026-09-04T09:54:15+00:00,20260904T093252Z,ollama,llama3.2:3b,simulate,0,1,1380,0,0,101,0.000000
2026-09-04T09:54:32+00:00,20260904T093252Z,ollama,llama3.2:3b,simulate,0,1,1396,0,0,80,0.000000
2026-09-04T09:54:32+00:00,20260904T093252Z,ollama,llama3.2:3b,simulate,0,1,1401,0,0,78,0.000000
2026-09-04T09:54:32+00:00,20260904T093252Z,ollama,llama3.2:3b,simulate,0,1,1413,0,0,84,0.000000
2026-09-04T09:54:32+00:00,20260904T093252Z,ollama,llama3.2:3b,simulate,0,1,1399,0,0,72,0.000000
2026-09-04T09:54:32+00:00,20260904T093252Z,ollama,llama3.2:3b,simulate,0,1,1415,0,0,107,0.000000
2026-09-04T09:54:32+00:00,20260904T093252Z,ollama,llama3.2:3b,simulate,0,1,1383,0,0,58,0.000000
2026-09-04T09:54:32+00:00,20260904T093252Z,ollama,llama3.2:3b,simulate,0,1,1395,0,0,77,0.000000
2026-09-04T09:54:32+00:00,20260904T093252Z,ollama,llama3.2:3b,simulate,0,1,1372,0,0,82,0.000000
2026-09-04T09:54:32+00:00,20260904T093252Z,ollama,llama3.2:3b,simulate,0,1,1388,0,0,79,0.000000
2026-09-04T09:54:32+00:00,20260904T093252Z,ollama,llama3.2:3b,simulate,0,1,1400,0,0,87,0.000000
2026-09-04T09:54:32+00:00,20260904T093252Z,ollama,llama3.2:3b,simulate,0,1,1412,0,0,65,0.000000
2026-09-04T09:54:32+00:00,20260904T093252Z,ollama,llama3.2:3b,simulate,0,1,1398,0,0,85,0.000000
2026-09-04T09:54:32+00:00,20260904T093252Z,ollama,llama3.2:3b,simulate,0,1,1414,0,0,74,0.000000
2026-09-04T09:54:32+00:00,20260904T093252Z,ollama,llama3.2:3b,simulate,0,1,1382,0,0,73,0.000000
2026-09-04T09:54:32+00:00,20260904T093252Z,ollama,llama3.2:3b,simulate,0,1,1394,0,0,81,0.000000
2026-09-04T09:54:32+00:00,20260904T093252Z,ollama,llama3.2:3b,simulate,0,1,1371,0,0,78,0.000000
2026-09-04T09:54:32+00:00,20260904T093252Z,ollama,llama3.2:3b,simulate,0,1,1387,0,0,80,0.000000
2026-09-04T09:54:32+00:00,20260904T093252Z,ollama,llama3.2:3b,simulate,0,1,1396,0,0,71,0.000000
2026-09-04T09:54:32+00:00,20260904T093252Z,ollama,llama3.2:3b,simulate,0,1,1408,0,0,84,0.000000
2026-09-04T09:54:32+00:00,20260904T093252Z,ollama,llama3.2:3b,simulate,0,1,1394,0,0,76,0.000000
2026-09-04T09:54:32+00:00,20260904T093252Z,ollama,llama3.2:3b,simulate,0,1,1410,0,0,87,0.000000
2026-09-04T09:54:32+00:00,20260904T093252Z,ollama,llama3.2:3b,simulate,0,1,1378,0,0,89,0.000000
2026-09-04T09:54:32+00:00,20260904T093252Z,ollama,llama3.2:3b,simulate,0,1,1390,0,0,68,0.000000
2026-09-04T09:54:32+00:00,20260904T093252Z,ollama,llama3.2:3b,simulate,0,1,1367,0,0,80,0.000000
2026-09-04T09:54:32+00:00,20260904T093252Z,ollama,llama3.2:3b,simulate,0,1,1383,0,0,79,0.000000
2026-09-04T09:55:11+00:00,20260904T093252Z,ollama,llama3.2:3b,simulate,0,1,1468,0,0,66,0.000000
2026-09-04T09:55:32+00:00,20260904T093252Z,ollama,llama3.2:3b,simulate,0,1,1480,0,0,96,0.000000
2026-09-04T09:55:47+00:00,20260904T093252Z,ollama,llama3.2:3b,simulate,0,1,1466,0,0,75,0.000000
2026-09-04T09:56:06+00:00,20260904T093252Z,ollama,llama3.2:3b,simulate,0,1,1482,0,0,66,0.000000
2026-09-04T09:56:23+00:00,20260904T093252Z,ollama,llama3.2:3b,simulate,0,1,1450,0,0,76,0.000000
2026-09-04T09:56:42+00:00,20260904T093252Z,ollama,llama3.2:3b,simulate,0,1,1462,0,0,78,0.000000
2026-09-04T09:56:58+00:00,20260904T093252Z,ollama,llama3.2:3b,simulate,0,1,1439,0,0,83,0.000000
2026-09-04T09:57:17+00:00,20260904T093252Z,ollama,llama3.2:3b,simulate,0,1,1455,0,0,78,0.000000
2026-09-04T09:57:33+00:00,20260904T093252Z,ollama,llama3.2:3b,simulate,0,1,1467,0,0,59,0.000000
2026-09-04T09:57:53+00:00,20260904T093252Z,ollama,llama3.2:3b,simulate,0,1,1479,0,0,92,0.000000
2026-09-04T09:58:09+00:00,20260904T093252Z,ollama,llama3.2:3b,simulate,0,1,1465,0,0,85,0.000000
2026-09-04T09:58:29+00:00,20260904T093252Z,ollama,llama3.2:3b,simulate,0,1,1481,0,0,82,0.000000
2026-09-04T09:58:49+00:00,20260904T093252Z,ollama,llama3.2:3b,simulate,0,1,1449,0,0,85,0.000000
2026-09-04T09:59:05+00:00,20260904T093252Z,ollama,llama3.2:3b,simulate,0,1,1461,0,0,88,0.000000
2026-09-04T09:59:18+00:00,20260904T093252Z,ollama,llama3.2:3b,simulate,0,1,1438,0,0,61,0.000000
2026-09-04T09:59:40+00:00,20260904T093252Z,ollama,llama3.2:3b,simulate,0,1,1454,0,0,96,0.000000
2026-09-04T10:00:01+00:00,20260904T093252Z,ollama,llama3.2:3b,simulate,0,1,1463,0,0,86,0.000000
2026-09-04T10:00:20+00:00,20260904T093252Z,ollama,llama3.2:3b,simulate,0,1,1475,0,0,107,0.000000
2026-09-04T10:00:39+00:00,20260904T093252Z,ollama,llama3.2:3b,simulate,0,1,1461,0,0,72,0.000000
2026-09-04T10:00:58+00:00,20260904T093252Z,ollama,llama3.2:3b,simulate,0,1,1477,0,0,96,0.000000
2026-09-04T10:01:17+00:00,20260904T093252Z,ollama,llama3.2:3b,simulate,0,1,1445,0,0,70,0.000000
2026-09-04T10:01:31+00:00,20260904T093252Z,ollama,llama3.2:3b,simulate,0,1,1457,0,0,68,0.000000
2026-09-04T10:01:50+00:00,20260904T093252Z,ollama,llama3.2:3b,simulate,0,1,1434,0,0,74,0.000000
2026-09-04T10:02:04+00:00,20260904T093252Z,ollama,llama3.2:3b,simulate,0,1,1450,0,0,63,0.000000
2026-09-04T10:02:04+00:00,20260904T093252Z,ollama,llama3.2:3b,simulate,0,1,1348,0,0,94,0.000000
2026-09-04T10:02:04+00:00,20260904T093252Z,ollama,llama3.2:3b,simulate,0,1,1360,0,0,97,0.000000
2026-09-04T10:02:04+00:00,20260904T093252Z,ollama,llama3.2:3b,simulate,0,1,1346,0,0,72,0.000000
2026-09-04T10:02:04+00:00,20260904T093252Z,ollama,llama3.2:3b,simulate,0,1,1362,0,0,103,0.000000
2026-09-04T10:02:04+00:00,20260904T093252Z,ollama,llama3.2:3b,simulate,0,1,1330,0,0,81,0.000000
2026-09-04T10:02:04+00:00,20260904T093252Z,ollama,llama3.2:3b,simulate,0,1,1342,0,0,86,0.000000
2026-09-04T10:02:04+00:00,20260904T093252Z,ollama,llama3.2:3b,simulate,0,1,1319,0,0,62,0.000000
2026-09-04T10:02:04+00:00,20260904T093252Z,ollama,llama3.2:3b,simulate,0,1,1335,0,0,81,0.000000
2026-09-04T10:02:04+00:00,20260904T093252Z,ollama,llama3.2:3b,simulate,0,1,1347,0,0,78,0.000000
2026-09-04T10:02:04+00:00,20260904T093252Z,ollama,llama3.2:3b,simulate,0,1,1359,0,0,84,0.000000
2026-09-04T10:02:04+00:00,20260904T093252Z,ollama,llama3.2:3b,simulate,0,1,1345,0,0,82,0.000000
2026-09-04T10:02:04+00:00,20260904T093252Z,ollama,llama3.2:3b,simulate,0,1,1361,0,0,94,0.000000
2026-09-04T10:02:04+00:00,20260904T093252Z,ollama,llama3.2:3b,simulate,0,1,1329,0,0,52,0.000000
2026-09-04T10:02:04+00:00,20260904T093252Z,ollama,llama3.2:3b,simulate,0,1,1341,0,0,54,0.000000
2026-09-04T10:02:04+00:00,20260904T093252Z,ollama,llama3.2:3b,simulate,0,1,1318,0,0,59,0.000000
2026-09-04T10:02:04+00:00,20260904T093252Z,ollama,llama3.2:3b,simulate,0,1,1334,0,0,66,0.000000
2026-09-04T10:02:04+00:00,20260904T093252Z,ollama,llama3.2:3b,simulate,0,1,1353,0,0,58,0.000000
2026-09-04T10:02:04+00:00,20260904T093252Z,ollama,llama3.2:3b,simulate,0,1,1365,0,0,66,0.000000
2026-09-04T10:02:04+00:00,20260904T093252Z,ollama,llama3.2:3b,simulate,0,1,1351,0,0,77,0.000000
2026-09-04T10:02:04+00:00,20260904T093252Z,ollama,llama3.2:3b,simulate,0,1,1367,0,0,80,0.000000
2026-09-04T10:02:04+00:00,20260904T093252Z,ollama,llama3.2:3b,simulate,0,1,1335,0,0,89,0.000000
2026-09-04T10:02:04+00:00,20260904T093252Z,ollama,llama3.2:3b,simulate,0,1,1347,0,0,83,0.000000
2026-09-04T10:02:04+00:00,20260904T093252Z,ollama,llama3.2:3b,simulate,0,1,1324,0,0,60,0.000000
2026-09-04T10:02:04+00:00,20260904T093252Z,ollama,llama3.2:3b,simulate,0,1,1340,0,0,63,0.000000
2026-09-04T10:02:45+00:00,20260904T093252Z,ollama,llama3.2:3b,simulate,0,1,1473,0,0,85,0.000000
2026-09-04T10:03:03+00:00,20260904T093252Z,ollama,llama3.2:3b,simulate,0,1,1485,0,0,66,0.000000
2026-09-04T10:03:20+00:00,20260904T093252Z,ollama,llama3.2:3b,simulate,0,1,1471,0,0,90,0.000000
2026-09-04T10:03:42+00:00,20260904T093252Z,ollama,llama3.2:3b,simulate,0,1,1487,0,0,95,0.000000
2026-09-04T10:03:58+00:00,20260904T093252Z,ollama,llama3.2:3b,simulate,0,1,1455,0,0,72,0.000000
2026-09-04T10:04:16+00:00,20260904T093252Z,ollama,llama3.2:3b,simulate,0,1,1467,0,0,72,0.000000
2026-09-04T10:04:31+00:00,20260904T093252Z,ollama,llama3.2:3b,simulate,0,1,1444,0,0,76,0.000000
2026-09-04T10:04:52+00:00,20260904T093252Z,ollama,llama3.2:3b,simulate,0,1,1460,0,0,96,0.000000
2026-09-04T10:05:08+00:00,20260904T093252Z,ollama,llama3.2:3b,simulate,0,1,1472,0,0,70,0.000000
2026-09-04T10:05:27+00:00,20260904T093252Z,ollama,llama3.2:3b,simulate,0,1,1484,0,0,71,0.000000
2026-09-04T10:05:43+00:00,20260904T093252Z,ollama,llama3.2:3b,simulate,0,1,1470,0,0,84,0.000000
2026-09-04T10:06:01+00:00,20260904T093252Z,ollama,llama3.2:3b,simulate,0,1,1486,0,0,69,0.000000
2026-09-04T10:06:17+00:00,20260904T093252Z,ollama,llama3.2:3b,simulate,0,1,1454,0,0,71,0.000000
2026-09-04T10:06:35+00:00,20260904T093252Z,ollama,llama3.2:3b,simulate,0,1,1466,0,0,69,0.000000
2026-09-04T10:06:50+00:00,20260904T093252Z,ollama,llama3.2:3b,simulate,0,1,1443,0,0,73,0.000000
2026-09-04T10:07:07+00:00,20260904T093252Z,ollama,llama3.2:3b,simulate,0,1,1459,0,0,67,0.000000
2026-09-04T10:07:26+00:00,20260904T093252Z,ollama,llama3.2:3b,simulate,0,1,1468,0,0,89,0.000000
2026-09-04T10:07:45+00:00,20260904T093252Z,ollama,llama3.2:3b,simulate,0,1,1480,0,0,83,0.000000
2026-09-04T10:08:03+00:00,20260904T093252Z,ollama,llama3.2:3b,simulate,0,1,1466,0,0,93,0.000000
2026-09-04T10:08:21+00:00,20260904T093252Z,ollama,llama3.2:3b,simulate,0,1,1482,0,0,65,0.000000
2026-09-04T10:08:36+00:00,20260904T093252Z,ollama,llama3.2:3b,simulate,0,1,1450,0,0,62,0.000000
2026-09-04T10:08:54+00:00,20260904T093252Z,ollama,llama3.2:3b,simulate,0,1,1462,0,0,78,0.000000
2026-09-04T10:09:07+00:00,20260904T093252Z,ollama,llama3.2:3b,simulate,0,1,1439,0,0,58,0.000000
2026-09-04T10:09:25+00:00,20260904T093252Z,ollama,llama3.2:3b,simulate,0,1,1455,0,0,65,0.000000
2026-09-04T10:10:03+00:00,20260904T093252Z,ollama,llama3.2:3b,simulate,0,1,1399,0,0,83,0.000000
2026-09-04T10:10:18+00:00,20260904T093252Z,ollama,llama3.2:3b,simulate,0,1,1411,0,0,77,0.000000
2026-09-04T10:10:36+00:00,20260904T093252Z,ollama,llama3.2:3b,simulate,0,1,1397,0,0,68,0.000000
2026-09-04T10:10:53+00:00,20260904T093252Z,ollama,llama3.2:3b,simulate,0,1,1413,0,0,83,0.000000
2026-09-04T10:11:13+00:00,20260904T093252Z,ollama,llama3.2:3b,simulate,0,1,1381,0,0,77,0.000000
2026-09-04T10:11:29+00:00,20260904T093252Z,ollama,llama3.2:3b,simulate,0,1,1393,0,0,80,0.000000
2026-09-04T10:11:47+00:00,20260904T093252Z,ollama,llama3.2:3b,simulate,0,1,1370,0,0,80,0.000000
2026-09-04T10:12:03+00:00,20260904T093252Z,ollama,llama3.2:3b,simulate,0,1,1386,0,0,84,0.000000
2026-09-04T10:12:24+00:00,20260904T093252Z,ollama,llama3.2:3b,simulate,0,1,1398,0,0,80,0.000000
2026-09-04T10:12:39+00:00,20260904T093252Z,ollama,llama3.2:3b,simulate,0,1,1410,0,0,67,0.000000
2026-09-04T10:12:57+00:00,20260904T093252Z,ollama,llama3.2:3b,simulate,0,1,1396,0,0,73,0.000000
2026-09-04T10:13:14+00:00,20260904T093252Z,ollama,llama3.2:3b,simulate,0,1,1412,0,0,92,0.000000
2026-09-04T10:13:28+00:00,20260904T093252Z,ollama,llama3.2:3b,simulate,0,1,1380,0,0,57,0.000000
2026-09-04T10:13:48+00:00,20260904T093252Z,ollama,llama3.2:3b,simulate,0,1,1392,0,0,85,0.000000
2026-09-04T10:14:02+00:00,20260904T093252Z,ollama,llama3.2:3b,simulate,0,1,1369,0,0,72,0.000000
2026-09-04T10:14:20+00:00,20260904T093252Z,ollama,llama3.2:3b,simulate,0,1,1385,0,0,72,0.000000
2026-09-04T10:14:45+00:00,20260904T093252Z,ollama,llama3.2:3b,simulate,0,1,1394,0,0,75,0.000000
2026-09-04T10:15:00+00:00,20260904T093252Z,ollama,llama3.2:3b,simulate,0,1,1406,0,0,67,0.000000
2026-09-04T10:15:13+00:00,20260904T093252Z,ollama,llama3.2:3b,simulate,0,1,1392,0,0,53,0.000000
2026-09-04T10:15:33+00:00,20260904T093252Z,ollama,llama3.2:3b,simulate,0,1,1408,0,0,91,0.000000
2026-09-04T10:15:48+00:00,20260904T093252Z,ollama,llama3.2:3b,simulate,0,1,1376,0,0,60,0.000000
2026-09-04T10:16:04+00:00,20260904T093252Z,ollama,llama3.2:3b,simulate,0,1,1388,0,0,52,0.000000
2026-09-04T10:16:20+00:00,20260904T093252Z,ollama,llama3.2:3b,simulate,0,1,1365,0,0,90,0.000000
2026-09-04T10:16:39+00:00,20260904T093252Z,ollama,llama3.2:3b,simulate,0,1,1381,0,0,72,0.000000
2026-09-04T10:17:14+00:00,20260904T093252Z,ollama,llama3.2:3b,simulate,0,1,1375,0,0,64,0.000000
2026-09-04T10:17:31+00:00,20260904T093252Z,ollama,llama3.2:3b,simulate,0,1,1387,0,0,91,0.000000
2026-09-04T10:17:53+00:00,20260904T093252Z,ollama,llama3.2:3b,simulate,0,1,1373,0,0,99,0.000000
2026-09-04T10:18:09+00:00,20260904T093252Z,ollama,llama3.2:3b,simulate,0,1,1389,0,0,85,0.000000
2026-09-04T10:18:29+00:00,20260904T093252Z,ollama,llama3.2:3b,simulate,0,1,1357,0,0,80,0.000000
2026-09-04T10:18:46+00:00,20260904T093252Z,ollama,llama3.2:3b,simulate,0,1,1369,0,0,91,0.000000
2026-09-04T10:19:06+00:00,20260904T093252Z,ollama,llama3.2:3b,simulate,0,1,1346,0,0,91,0.000000
2026-09-04T10:19:24+00:00,20260904T093252Z,ollama,llama3.2:3b,simulate,0,1,1362,0,0,96,0.000000
2026-09-04T10:19:46+00:00,20260904T093252Z,ollama,llama3.2:3b,simulate,0,1,1376,0,0,67,0.000000
2026-09-04T10:20:05+00:00,20260904T093252Z,ollama,llama3.2:3b,simulate,0,1,1388,0,0,73,0.000000
2026-09-04T10:20:22+00:00,20260904T093252Z,ollama,llama3.2:3b,simulate,0,1,1374,0,0,92,0.000000
2026-09-04T10:20:42+00:00,20260904T093252Z,ollama,llama3.2:3b,simulate,0,1,1390,0,0,91,0.000000
2026-09-04T10:20:56+00:00,20260904T093252Z,ollama,llama3.2:3b,simulate,0,1,1358,0,0,58,0.000000
2026-09-04T10:21:16+00:00,20260904T093252Z,ollama,llama3.2:3b,simulate,0,1,1370,0,0,87,0.000000
2026-09-04T10:21:30+00:00,20260904T093252Z,ollama,llama3.2:3b,simulate,0,1,1347,0,0,62,0.000000
2026-09-04T10:21:43+00:00,20260904T093252Z,ollama,llama3.2:3b,simulate,0,1,1363,0,0,62,0.000000
2026-09-04T10:22:04+00:00,20260904T093252Z,ollama,llama3.2:3b,simulate,0,1,1372,0,0,82,0.000000
2026-09-04T10:22:19+00:00,20260904T093252Z,ollama,llama3.2:3b,simulate,0,1,1384,0,0,73,0.000000
2026-09-04T10:22:39+00:00,20260904T093252Z,ollama,llama3.2:3b,simulate,0,1,1370,0,0,92,0.000000
2026-09-04T10:22:57+00:00,20260904T093252Z,ollama,llama3.2:3b,simulate,0,1,1386,0,0,92,0.000000
2026-09-04T10:23:14+00:00,20260904T093252Z,ollama,llama3.2:3b,simulate,0,1,1354,0,0,56,0.000000
2026-09-04T10:23:30+00:00,20260904T093252Z,ollama,llama3.2:3b,simulate,0,1,1366,0,0,83,0.000000
2026-09-04T10:23:47+00:00,20260904T093252Z,ollama,llama3.2:3b,simulate,0,1,1343,0,0,70,0.000000
2026-09-04T10:24:02+00:00,20260904T093252Z,ollama,llama3.2:3b,simulate,0,1,1359,0,0,74,0.000000
2026-09-04T10:24:39+00:00,20260904T093252Z,ollama,llama3.2:3b,simulate,0,1,1398,0,0,71,0.000000
2026-09-04T10:24:58+00:00,20260904T093252Z,ollama,llama3.2:3b,simulate,0,1,1410,0,0,78,0.000000
2026-09-04T10:25:12+00:00,20260904T093252Z,ollama,llama3.2:3b,simulate,0,1,1396,0,0,63,0.000000
2026-09-04T10:25:31+00:00,20260904T093252Z,ollama,llama3.2:3b,simulate,0,1,1412,0,0,85,0.000000
2026-09-04T10:25:47+00:00,20260904T093252Z,ollama,llama3.2:3b,simulate,0,1,1380,0,0,64,0.000000
2026-09-04T10:26:04+00:00,20260904T093252Z,ollama,llama3.2:3b,simulate,0,1,1392,0,0,64,0.000000
2026-09-04T10:26:18+00:00,20260904T093252Z,ollama,llama3.2:3b,simulate,0,1,1369,0,0,67,0.000000
2026-09-04T10:26:38+00:00,20260904T093252Z,ollama,llama3.2:3b,simulate,0,1,1385,0,0,83,0.000000
2026-09-04T10:26:52+00:00,20260904T093252Z,ollama,llama3.2:3b,simulate,0,1,1397,0,0,54,0.000000
2026-09-04T10:27:08+00:00,20260904T093252Z,ollama,llama3.2:3b,simulate,0,1,1409,0,0,53,0.000000
2026-09-04T10:27:22+00:00,20260904T093252Z,ollama,llama3.2:3b,simulate,0,1,1395,0,0,57,0.000000
2026-09-04T10:27:38+00:00,20260904T093252Z,ollama,llama3.2:3b,simulate,0,1,1411,0,0,81,0.000000
2026-09-04T10:27:56+00:00,20260904T093252Z,ollama,llama3.2:3b,simulate,0,1,1379,0,0,66,0.000000
2026-09-04T10:28:11+00:00,20260904T093252Z,ollama,llama3.2:3b,simulate,0,1,1391,0,0,72,0.000000
2026-09-04T10:28:27+00:00,20260904T093252Z,ollama,llama3.2:3b,simulate,0,1,1368,0,0,57,0.000000
2026-09-04T10:28:42+00:00,20260904T093252Z,ollama,llama3.2:3b,simulate,0,1,1384,0,0,72,0.000000
2026-09-04T10:29:03+00:00,20260904T093252Z,ollama,llama3.2:3b,simulate,0,1,1393,0,0,82,0.000000
2026-09-04T10:29:17+00:00,20260904T093252Z,ollama,llama3.2:3b,simulate,0,1,1405,0,0,65,0.000000
2026-09-04T10:29:34+00:00,20260904T093252Z,ollama,llama3.2:3b,simulate,0,1,1391,0,0,63,0.000000
2026-09-04T10:29:50+00:00,20260904T093252Z,ollama,llama3.2:3b,simulate,0,1,1407,0,0,80,0.000000
2026-09-04T10:30:09+00:00,20260904T093252Z,ollama,llama3.2:3b,simulate,0,1,1375,0,0,68,0.000000
2026-09-04T10:30:24+00:00,20260904T093252Z,ollama,llama3.2:3b,simulate,0,1,1387,0,0,79,0.000000
2026-09-04T10:30:42+00:00,20260904T093252Z,ollama,llama3.2:3b,simulate,0,1,1364,0,0,70,0.000000
2026-09-04T10:30:57+00:00,20260904T093252Z,ollama,llama3.2:3b,simulate,0,1,1380,0,0,82,0.000000
